id,predicted_label
0,0
1,0
2,2
3,4
4,0
5,0
6,6
7,3
8,0
9,3
10,3
11,3
12,6
13,4
14,4
15,6
16,5
17,5
18,6
19,0
20,3
21,4
22,0
23,6
24,3
25,4
26,5
27,6
28,6
29,3
30,0
31,6
32,6
33,2
34,1
35,6
36,5
37,4
38,2
39,2
40,4
41,6
42,2
43,4
44,0
45,4
46,3
47,6
48,3
49,3
50,4
51,2
52,3
53,0
54,4
55,3
56,5
57,6
58,6
59,4
60,6
61,5
62,6
63,6
64,4
65,0
66,3
67,5
68,6
69,2
70,4
71,0
72,0
73,6
74,3
75,6
76,6
77,2
78,5
79,3
80,5
81,3
82,5
83,6
84,3
85,4
86,6
87,2
88,3
89,3
90,3
91,5
92,4
93,6
94,6
95,2
96,4
97,5
98,4
99,6
100,5
101,3
102,6
103,6
104,3
105,4
106,5
107,5
108,5
109,3
110,0
111,3
112,0
113,5
114,3
115,6
116,3
117,4
118,3
119,5
120,3
121,3
122,5
123,6
124,2
125,0
126,4
127,3
128,3
129,3
130,6
131,3
132,4
133,0
134,5
135,6
136,6
137,6
138,3
139,0
140,2
141,3
142,3
143,4
144,4
145,6
146,3
147,6
148,6
149,4
150,6
151,6
152,6
153,6
154,0
155,3
156,2
157,4
158,6
159,3
160,4
161,5
162,3
163,2
164,6
165,2
166,2
167,5
168,3
169,6
170,3
171,5
172,0
173,3
174,6
175,0
176,6
177,2
178,0
179,4
180,4
181,6
182,6
183,5
184,6
185,6
186,5
187,2
188,4
189,5
190,3
191,5
192,6
193,3
194,6
195,5
196,5
197,6
198,2
199,3
200,2
201,4
202,4
203,0
204,6
205,4
206,0
207,5
208,5
209,2
210,6
211,6
212,5
213,6
214,0
215,2
216,6
217,3
218,6
219,6
220,3
221,4
222,5
223,5
224,6
225,6
226,2
227,1
228,5
229,0
230,3
231,4
232,6
233,1
234,2
235,4
236,0
237,5
238,3
239,4
240,5
241,6
242,0
243,3
244,5
245,3
246,3
247,6
248,1
249,6
250,4
251,6
252,6
253,2
254,4
255,5
256,3
257,3
258,3
259,6
260,3
261,0
262,6
263,6
264,4
265,5
266,6
267,4
268,2
269,4
270,3
271,2
272,5
273,4
274,4
275,3
276,3
277,6
278,6
279,6
280,0
281,4
282,0
283,3
284,6
285,6
286,0
287,3
288,3
289,6
290,6
291,4
292,3
293,6
294,4
295,4
296,3
297,3
298,4
299,6
300,5
301,0
302,0
303,0
304,4
305,0
306,4
307,2
308,4
309,3
310,6
311,2
312,0
313,5
314,4
315,4
316,3
317,6
318,4
319,6
320,3
321,6
322,6
323,2
324,6
325,0
326,3
327,6
328,4
329,3
330,0
331,3
332,5
333,4
334,6
335,5
336,6
337,5
338,3
339,4
340,4
341,6
342,3
343,4
344,2
345,0
346,3
347,3
348,0
349,4
350,3
351,5
352,0
353,6
354,5
355,6
356,0
357,3
358,4
359,3
360,5
361,3
362,3
363,4
364,3
365,3
366,4
367,4
368,6
369,4
370,4
371,3
372,3
373,6
374,4
375,4
376,3
377,2
378,3
379,3
380,3
381,3
382,5
383,0
384,6
385,3
386,0
387,2
388,3
389,3
390,6
391,5
392,3
393,2
394,4
395,4
396,4
397,4
398,5
399,3
400,4
401,3
402,6
403,3
404,6
405,6
406,6
407,4
408,4
409,4
410,2
411,4
412,0
413,0
414,6
415,5
416,6
417,0
418,5
419,1
420,0
421,2
422,6
423,3
424,2
425,3
426,6
427,0
428,6
429,5
430,3
431,6
432,4
433,4
434,3
435,3
436,5
437,6
438,6
439,3
440,5
441,4
442,6
443,3
444,6
445,6
446,4
447,0
448,4
449,3
450,4
451,5
452,0
453,0
454,4
455,5
456,4
457,4
458,5
459,3
460,4
461,4
462,4
463,0
464,5
465,3
466,3
467,4
468,4
469,3
470,6
471,3
472,6
473,2
474,4
475,3
476,5
477,0
478,0
479,0
480,6
481,6
482,5
483,3
484,6
485,4
486,4
487,5
488,6
489,6
490,1
491,0
492,4
493,4
494,6
495,6
496,2
497,2
498,3
499,3
500,2
501,2
502,3
503,0
504,3
505,0
506,5
507,6
508,5
509,1
510,3
511,4
512,0
513,3
514,0
515,2
516,4
517,5
518,0
519,6
520,1
521,5
522,4
523,6
524,5
525,6
526,5
527,6
528,3
529,3
530,6
531,4
532,3
533,5
534,3
535,6
536,3
537,3
538,6
539,3
540,3
541,4
542,6
543,4
544,6
545,4
546,5
547,3
548,3
549,6
550,0
551,3
552,6
553,6
554,4
555,4
556,6
557,6
558,2
559,3
560,0
561,3
562,3
563,4
564,6
565,0
566,3
567,0
568,2
569,6
570,3
571,4
572,6
573,6
574,6
575,0
576,0
577,5
578,4
579,4
580,5
581,0
582,0
583,4
584,3
585,3
586,5
587,5
588,3
589,3
590,3
591,0
592,6
593,3
594,3
595,4
596,5
597,2
598,3
599,3
600,4
601,3
602,6
603,4
604,3
605,0
606,3
607,2
608,0
609,0
610,4
611,4
612,0
613,5
614,1
615,3
616,4
617,6
618,0
619,3
620,5
621,6
622,6
623,6
624,0
625,4
626,5
627,5
628,4
629,0
630,4
631,4
632,4
633,0
634,4
635,0
636,0
637,3
638,3
639,6
640,6
641,6
642,5
643,6
644,3
645,5
646,4
647,6
648,4
649,2
650,5
651,5
652,3
653,2
654,3
655,3
656,6
657,3
658,3
659,6
660,3
661,0
662,0
663,4
664,0
665,2
666,0
667,4
668,4
669,3
670,5
671,4
672,6
673,3
674,6
675,3
676,4
677,3
678,0
679,4
680,6
681,5
682,0
683,0
684,4
685,3
686,6
687,5
688,2
689,0
690,5
691,5
692,0
693,2
694,0
695,3
696,0
697,3
698,4
699,3
700,3
701,6
702,2
703,3
704,4
705,3
706,1
707,3
708,3
709,3
710,0
711,3
712,2
713,6
714,6
715,3
716,6
717,4
718,6
719,3
720,6
721,6
722,6
723,5
724,6
725,3
726,3
727,5
728,4
729,5
730,5
731,3
732,3
733,6
734,3
735,4
736,0
737,0
738,4
739,6
740,2
741,5
742,0
743,6
744,5
745,3
746,0
747,5
748,3
749,4
750,0
751,6
752,6
753,4
754,6
755,6
756,4
757,5
758,4
759,3
760,6
761,2
762,4
763,4
764,0
765,6
766,6
767,3
768,3
769,5
770,3
771,6
772,4
773,6
774,5
775,6
776,3
777,4
778,6
779,6
780,3
781,5
782,0
783,6
784,4
785,3
786,3
787,6
788,4
789,3
790,4
791,4
792,2
793,3
794,3
795,4
796,3
797,5
798,4
799,2
800,4
801,3
802,6
803,3
804,3
805,6
806,3
807,0
808,5
809,6
810,4
811,4
812,6
813,6
814,4
815,0
816,0
817,4
818,3
819,0
820,0
821,3
822,4
823,6
824,3
825,3
826,6
827,3
828,3
829,0
830,2
831,0
832,4
833,5
834,6
835,6
836,6
837,3
838,2
839,6
840,3
841,2
842,6
843,3
844,5
845,5
846,3
847,4
848,3
849,5
850,6
851,4
852,6
853,3
854,6
855,3
856,4
857,6
858,2
859,3
860,5
861,6
862,4
863,3
864,2
865,4
866,3
867,6
868,3
869,3
870,3
871,2
872,0
873,2
874,6
875,2
876,3
877,3
878,3
879,5
880,4
881,6
882,5
883,4
884,6
885,5
886,5
887,6
888,6
889,6
890,3
891,5
892,0
893,2
894,5
895,0
896,3
897,4
898,6
899,2
900,3
901,6
902,6
903,3
904,6
905,3
906,5
907,3
908,6
909,3
910,4
911,0
912,3
913,5
914,3
915,6
916,6
917,2
918,3
919,2
920,4
921,2
922,3
923,0
924,4
925,2
926,0
927,3
928,5
929,6
930,3
931,3
932,3
933,6
934,5
935,1
936,6
937,6
938,0
939,6
940,0
941,2
942,3
943,5
944,5
945,2
946,4
947,5
948,3
949,6
950,5
951,4
952,5
953,5
954,3
955,5
956,4
957,6
958,0
959,0
960,6
961,5
962,0
963,3
964,6
965,3
966,4
967,4
968,6
969,3
970,5
971,5
972,4
973,3
974,6
975,0
976,3
977,3
978,0
979,3
980,3
981,6
982,4
983,0
984,6
985,3
986,0
987,6
988,6
989,2
990,3
991,4
992,5
993,4
994,6
995,3
996,6
997,4
998,3
999,3
1000,3
1001,2
1002,3
1003,3
1004,0
1005,0
1006,2
1007,0
1008,5
1009,4
1010,0
1011,6
1012,6
1013,6
1014,6
1015,5
1016,5
1017,4
1018,5
1019,6
1020,5
1021,3
1022,6
1023,0
1024,3
1025,3
1026,5
1027,3
1028,5
1029,3
1030,0
1031,5
1032,6
1033,4
1034,5
1035,2
1036,4
1037,5
1038,6
1039,6
1040,3
1041,6
1042,6
1043,6
1044,3
1045,6
1046,4
1047,5
1048,6
1049,5
1050,2
1051,4
1052,2
1053,6
1054,0
1055,3
1056,0
1057,2
1058,0
1059,3
1060,0
1061,2
1062,3
1063,6
1064,3
1065,6
1066,5
1067,0
1068,3
1069,3
1070,3
1071,4
1072,6
1073,4
1074,4
1075,4
1076,5
1077,3
1078,5
1079,6
1080,5
1081,4
1082,5
1083,6
1084,4
1085,1
1086,0
1087,5
1088,3
1089,1
1090,0
1091,5
1092,3
1093,3
1094,3
1095,5
1096,2
1097,4
1098,4
1099,4
1100,4
1101,4
1102,3
1103,0
1104,6
1105,6
1106,6
1107,5
1108,4
1109,3
1110,2
1111,4
1112,0
1113,5
1114,6
1115,3
1116,6
1117,3
1118,6
1119,6
1120,6
1121,2
1122,4
1123,6
1124,4
1125,3
1126,6
1127,4
1128,2
1129,5
1130,6
1131,5
1132,5
1133,2
1134,4
1135,0
1136,4
1137,0
1138,6
1139,6
1140,4
1141,5
1142,2
1143,3
1144,3
1145,0
1146,2
1147,0
1148,6
1149,4
1150,0
1151,0
1152,6
1153,3
1154,6
1155,5
1156,2
1157,4
1158,5
1159,6
1160,5
1161,6
1162,3
1163,5
1164,6
1165,3
1166,3
1167,6
1168,4
1169,0
1170,4
1171,3
1172,3
1173,6
1174,3
1175,2
1176,2
1177,6
1178,3
1179,3
1180,3
1181,3
1182,3
1183,4
1184,6
1185,5
1186,5
1187,3
1188,4
1189,3
1190,5
1191,3
1192,6
1193,3
1194,4
1195,6
1196,6
1197,6
1198,4
1199,2
1200,6
1201,6
1202,5
1203,5
1204,3
1205,6
1206,3
1207,0
1208,2
1209,3
1210,3
1211,0
1212,4
1213,5
1214,2
1215,3
1216,6
1217,2
1218,6
1219,6
1220,3
1221,1
1222,6
1223,6
1224,2
1225,4
1226,3
1227,3
1228,6
1229,3
1230,6
1231,6
1232,3
1233,3
1234,3
1235,3
1236,6
1237,4
1238,5
1239,4
1240,3
1241,0
1242,3
1243,3
1244,0
1245,4
1246,4
1247,6
1248,5
1249,2
1250,2
1251,2
1252,5
1253,3
1254,3
1255,5
1256,6
1257,6
1258,4
1259,4
1260,4
1261,2
1262,6
1263,1
1264,3
1265,6
1266,3
1267,3
1268,6
1269,5
1270,3
1271,5
1272,3
1273,4
1274,3
1275,6
1276,3
1277,4
1278,3
1279,4
1280,4
1281,0
1282,6
1283,3
1284,5
1285,0
1286,6
1287,4
1288,6
1289,2
1290,4
1291,2
1292,6
1293,5
1294,6
1295,5
1296,4
1297,4
1298,5
1299,4
1300,4
1301,4
1302,6
1303,0
1304,5
1305,4
1306,6
1307,2
1308,0
1309,6
1310,2
1311,4
1312,3
1313,0
1314,6
1315,0
1316,6
1317,5
1318,6
1319,4
1320,6
1321,3
1322,6
1323,0
1324,0
1325,2
1326,5
1327,4
1328,3
1329,6
1330,4
1331,4
1332,3
1333,5
1334,5
1335,4
1336,3
1337,3
1338,0
1339,6
1340,0
1341,6
1342,4
1343,3
1344,6
1345,3
1346,2
1347,0
1348,0
1349,0
1350,4
1351,5
1352,5
1353,2
1354,5
1355,3
1356,0
1357,6
1358,6
1359,3
1360,0
1361,6
1362,3
1363,0
1364,2
1365,2
1366,6
1367,3
1368,0
1369,5
1370,6
1371,3
1372,1
1373,0
1374,6
1375,5
1376,3
1377,3
1378,3
1379,5
1380,5
1381,4
1382,6
1383,0
1384,0
1385,3
1386,6
1387,3
1388,4
1389,6
1390,3
1391,4
1392,3
1393,6
1394,4
1395,4
1396,0
1397,3
1398,0
1399,2
1400,2
1401,6
1402,3
1403,4
1404,0
1405,6
1406,3
1407,6
1408,0
1409,6
1410,6
1411,5
1412,6
1413,3
1414,6
1415,6
1416,6
1417,2
1418,4
1419,6
1420,6
1421,0
1422,2
1423,3
1424,4
1425,3
1426,6
1427,0
1428,3
1429,3
1430,4
1431,0
1432,4
1433,3
1434,6
1435,6
1436,5
1437,4
1438,4
1439,5
1440,0
1441,4
1442,6
1443,4
1444,6
1445,1
1446,4
1447,5
1448,5
1449,3
1450,4
1451,2
1452,4
1453,4
1454,3
1455,6
1456,4
1457,5
1458,0
1459,3
1460,6
1461,5
1462,6
1463,3
1464,0
1465,0
1466,0
1467,6
1468,0
1469,6
1470,4
1471,3
1472,4
1473,0
1474,2
1475,2
1476,0
1477,4
1478,4
1479,2
1480,4
1481,2
1482,4
1483,6
1484,4
1485,2
1486,1
1487,3
1488,6
1489,6
1490,2
1491,5
1492,2
1493,4
1494,6
1495,6
1496,6
1497,6
1498,0
1499,0
1500,3
1501,3
1502,4
1503,2
1504,3
1505,3
1506,5
1507,5
1508,4
1509,6
1510,3
1511,0
1512,5
1513,4
1514,2
1515,4
1516,3
1517,5
1518,6
1519,3
1520,3
1521,6
1522,2
1523,6
1524,3
1525,6
1526,6
1527,5
1528,3
1529,4
1530,2
1531,0
1532,4
1533,6
1534,5
1535,4
1536,2
1537,2
1538,3
1539,2
1540,4
1541,3
1542,4
1543,3
1544,3
1545,3
1546,2
1547,4
1548,3
1549,1
1550,4
1551,6
1552,4
1553,3
1554,2
1555,3
1556,3
1557,4
1558,6
1559,4
1560,6
1561,5
1562,3
1563,6
1564,3
1565,6
1566,4
1567,6
1568,5
1569,3
1570,3
1571,6
1572,6
1573,6
1574,6
1575,6
1576,3
1577,6
1578,6
1579,3
1580,3
1581,5
1582,6
1583,6
1584,3
1585,5
1586,5
1587,4
1588,5
1589,6
1590,3
1591,0
1592,4
1593,2
1594,3
1595,6
1596,4
1597,3
1598,0
1599,0
1600,3
1601,4
1602,2
1603,6
1604,2
1605,3
1606,6
1607,4
1608,3
1609,5
1610,5
1611,4
1612,5
1613,5
1614,4
1615,3
1616,0
1617,3
1618,6
1619,3
1620,6
1621,2
1622,2
1623,6
1624,2
1625,2
1626,0
1627,4
1628,0
1629,3
1630,6
1631,0
1632,6
1633,5
1634,0
1635,3
1636,0
1637,5
1638,6
1639,6
1640,3
1641,6
1642,2
1643,6
1644,4
1645,5
1646,3
1647,2
1648,3
1649,3
1650,3
1651,3
1652,6
1653,4
1654,6
1655,6
1656,3
1657,6
1658,0
1659,2
1660,4
1661,6
1662,4
1663,0
1664,4
1665,5
1666,3
1667,6
1668,5
1669,2
1670,0
1671,4
1672,1
1673,0
1674,5
1675,4
1676,1
1677,6
1678,6
1679,3
1680,0
1681,3
1682,3
1683,3
1684,6
1685,6
1686,3
1687,4
1688,0
1689,4
1690,4
1691,0
1692,5
1693,4
1694,6
1695,5
1696,6
1697,1
1698,0
1699,5
1700,0
1701,3
1702,6
1703,6
1704,0
1705,6
1706,5
1707,5
1708,3
1709,3
1710,6
1711,5
1712,4
1713,2
1714,3
1715,6
1716,3
1717,3
1718,5
1719,6
1720,4
1721,3
1722,0
1723,4
1724,0
1725,6
1726,5
1727,5
1728,2
1729,3
1730,0
1731,3
1732,5
1733,6
1734,4
1735,3
1736,5
1737,3
1738,0
1739,6
1740,3
1741,5
1742,4
1743,3
1744,3
1745,3
1746,3
1747,2
1748,3
1749,0
1750,5
1751,3
1752,6
1753,4
1754,5
1755,3
1756,3
1757,3
1758,0
1759,3
1760,3
1761,6
1762,6
1763,6
1764,6
1765,4
1766,6
1767,3
1768,5
1769,6
1770,1
1771,2
1772,2
1773,6
1774,5
1775,0
1776,6
1777,4
1778,4
1779,6
1780,4
1781,4
1782,4
1783,4
1784,3
1785,3
1786,3
1787,1
1788,6
1789,5
1790,5
1791,0
1792,3
1793,3
1794,2
1795,6
1796,3
1797,4
1798,5
1799,4
1800,3
1801,6
1802,6
1803,6
1804,3
1805,4
1806,5
1807,4
1808,0
1809,3
1810,5
1811,3
1812,6
1813,5
1814,4
1815,5
1816,5
1817,2
1818,0
1819,2
1820,3
1821,3
1822,4
1823,4
1824,0
1825,6
1826,6
1827,5
1828,1
1829,4
1830,6
1831,3
1832,2
1833,4
1834,0
1835,0
1836,3
1837,4
1838,5
1839,0
1840,0
1841,4
1842,5
1843,6
1844,4
1845,4
1846,5
1847,3
1848,3
1849,6
1850,0
1851,0
1852,3
1853,2
1854,3
1855,6
1856,4
1857,6
1858,0
1859,6
1860,3
1861,3
1862,2
1863,6
1864,5
1865,3
1866,0
1867,4
1868,0
1869,4
1870,6
1871,5
1872,3
1873,0
1874,6
1875,3
1876,3
1877,0
1878,4
1879,0
1880,0
1881,0
1882,5
1883,0
1884,3
1885,4
1886,0
1887,5
1888,3
1889,5
1890,6
1891,2
1892,4
1893,6
1894,0
1895,6
1896,4
1897,4
1898,6
1899,4
1900,3
1901,6
1902,6
1903,0
1904,3
1905,0
1906,0
1907,6
1908,6
1909,0
1910,0
1911,3
1912,6
1913,3
1914,5
1915,5
1916,4
1917,3
1918,3
1919,0
1920,6
1921,3
1922,0
1923,4
1924,0
1925,4
1926,4
1927,5
1928,3
1929,5
1930,4
1931,5
1932,6
1933,6
1934,5
1935,4
1936,3
1937,2
1938,2
1939,5
1940,0
1941,5
1942,0
1943,4
1944,4
1945,3
1946,3
1947,3
1948,4
1949,6
1950,0
1951,0
1952,4
1953,6
1954,6
1955,1
1956,4
1957,3
1958,6
1959,3
1960,2
1961,2
1962,3
1963,0
1964,2
1965,6
1966,3
1967,3
1968,0
1969,0
1970,2
1971,3
1972,5
1973,4
1974,6
1975,2
1976,3
1977,5
1978,6
1979,4
1980,3
1981,6
1982,3
1983,3
1984,3
1985,3
1986,6
1987,2
1988,6
1989,6
1990,5
1991,6
1992,2
1993,3
1994,6
1995,3
1996,4
1997,3
1998,6
1999,6
2000,5
2001,6
2002,4
2003,3
2004,3
2005,3
2006,2
2007,0
2008,6
2009,5
2010,6
2011,6
2012,6
2013,6
2014,6
2015,3
2016,2
2017,3
2018,3
2019,3
2020,4
2021,4
2022,2
2023,6
2024,4
2025,6
2026,6
2027,2
2028,3
2029,4
2030,3
2031,3
2032,5
2033,3
2034,4
2035,5
2036,5
2037,6
2038,2
2039,4
2040,2
2041,4
2042,5
2043,4
2044,4
2045,6
2046,3
2047,2
2048,3
2049,3
2050,0
2051,4
2052,4
2053,5
2054,2
2055,3
2056,3
2057,0
2058,0
2059,4
2060,0
2061,2
2062,2
2063,3
2064,4
2065,4
2066,4
2067,5
2068,6
2069,3
2070,3
2071,5
2072,3
2073,2
2074,3
2075,4
2076,6
2077,3
2078,4
2079,3
2080,3
2081,6
2082,0
2083,3
2084,2
2085,0
2086,6
2087,3
2088,3
2089,6
2090,6
2091,0
2092,2
2093,3
2094,3
2095,5
2096,3
2097,5
2098,2
2099,3
2100,6
2101,6
2102,5
2103,6
2104,3
2105,4
2106,3
2107,6
2108,6
2109,3
2110,2
2111,3
2112,3
2113,5
2114,3
2115,6
2116,4
2117,6
2118,2
2119,0
2120,6
2121,6
2122,4
2123,3
2124,6
2125,0
2126,4
2127,6
2128,6
2129,0
2130,6
2131,3
2132,3
2133,3
2134,1
2135,0
2136,3
2137,3
2138,3
2139,3
2140,0
2141,5
2142,3
2143,3
2144,4
2145,4
2146,6
2147,3
2148,2
2149,0
2150,4
2151,5
2152,2
2153,2
2154,5
2155,3
2156,6
2157,6
2158,3
2159,4
2160,5
2161,4
2162,0
2163,6
2164,2
2165,3
2166,3
2167,2
2168,3
2169,4
2170,3
2171,3
2172,6
2173,2
2174,5
2175,6
2176,6
2177,6
2178,6
2179,0
2180,4
2181,3
2182,4
2183,6
2184,4
2185,3
2186,4
2187,2
2188,2
2189,3
2190,4
2191,2
2192,3
2193,4
2194,4
2195,3
2196,0
2197,2
2198,5
2199,3
2200,3
2201,5
2202,5
2203,4
2204,6
2205,6
2206,0
2207,4
2208,5
2209,6
2210,4
2211,6
2212,3
2213,3
2214,0
2215,6
2216,3
2217,0
2218,6
2219,6
2220,6
2221,1
2222,4
2223,3
2224,3
2225,6
2226,6
2227,3
2228,6
2229,3
2230,3
2231,6
2232,6
2233,3
2234,5
2235,6
2236,0
2237,4
2238,5
2239,3
2240,6
2241,3
2242,6
2243,4
2244,4
2245,6
2246,2
2247,3
2248,5
2249,3
2250,4
2251,3
2252,4
2253,6
2254,0
2255,3
2256,3
2257,0
2258,3
2259,5
2260,2
2261,4
2262,6
2263,2
2264,6
2265,2
2266,3
2267,5
2268,3
2269,3
2270,5
2271,3
2272,6
2273,3
2274,3
2275,5
2276,3
2277,4
2278,3
2279,0
2280,2
2281,0
2282,3
2283,0
2284,3
2285,5
2286,6
2287,0
2288,6
2289,3
2290,6
2291,0
2292,2
2293,2
2294,0
2295,6
2296,0
2297,6
2298,4
2299,4
2300,6
2301,3
2302,3
2303,0
2304,3
2305,6
2306,3
2307,6
2308,5
2309,4
2310,3
2311,0
2312,6
2313,5
2314,6
2315,2
2316,3
2317,0
2318,0
2319,3
2320,6
2321,6
2322,0
2323,3
2324,1
2325,6
2326,0
2327,6
2328,2
2329,0
2330,4
2331,2
2332,4
2333,0
2334,0
2335,4
2336,3
2337,6
2338,6
2339,6
2340,5
2341,6
2342,2
2343,2
2344,6
2345,4
2346,3
2347,3
2348,6
2349,5
2350,5
2351,3
2352,3
2353,6
2354,4
2355,6
2356,6
2357,5
2358,5
2359,6
2360,3
2361,2
2362,2
2363,4
2364,3
2365,6
2366,2
2367,6
2368,4
2369,0
2370,6
2371,4
2372,6
2373,6
2374,0
2375,6
2376,5
2377,2
2378,0
2379,4
2380,4
2381,4
2382,5
2383,3
2384,6
2385,3
2386,4
2387,6
2388,0
2389,0
2390,5
2391,3
2392,3
2393,3
2394,6
2395,3
2396,0
2397,3
2398,3
2399,4
2400,0
2401,6
2402,0
2403,5
2404,3
2405,5
2406,0
2407,6
2408,5
2409,4
2410,6
2411,3
2412,5
2413,5
2414,3
2415,4
2416,0
2417,6
2418,3
2419,2
2420,6
2421,0
2422,3
2423,5
2424,5
2425,6
2426,3
2427,5
2428,4
2429,4
2430,6
2431,4
2432,3
2433,6
2434,4
2435,4
2436,5
2437,4
2438,3
2439,3
2440,2
2441,6
2442,0
2443,0
2444,3
2445,5
2446,4
2447,4
2448,3
2449,3
2450,3
2451,0
2452,0
2453,6
2454,6
2455,3
2456,3
2457,5
2458,3
2459,5
2460,3
2461,3
2462,3
2463,3
2464,4
2465,6
2466,6
2467,3
2468,4
2469,5
2470,3
2471,6
2472,0
2473,3
2474,3
2475,3
2476,3
2477,6
2478,3
2479,5
2480,0
2481,4
2482,0
2483,4
2484,6
2485,3
2486,5
2487,2
2488,3
2489,5
2490,4
2491,2
2492,6
2493,3
2494,3
2495,1
2496,5
2497,4
2498,5
2499,6
2500,5
2501,6
2502,5
2503,6
2504,6
2505,6
2506,6
2507,5
2508,0
2509,6
2510,5
2511,0
2512,6
2513,2
2514,3
2515,5
2516,4
2517,3
2518,5
2519,5
2520,2
2521,3
2522,4
2523,4
2524,3
2525,4
2526,5
2527,3
2528,6
2529,0
2530,3
2531,3
2532,4
2533,6
2534,3
2535,5
2536,6
2537,4
2538,3
2539,6
2540,4
2541,6
2542,3
2543,3
2544,0
2545,2
2546,5
2547,3
2548,6
2549,3
2550,6
2551,4
2552,0
2553,6
2554,4
2555,2
2556,4
2557,3
2558,6
2559,3
2560,4
2561,2
2562,0
2563,3
2564,3
2565,6
2566,3
2567,6
2568,4
2569,3
2570,6
2571,3
2572,6
2573,3
2574,5
2575,6
2576,3
2577,6
2578,2
2579,0
2580,5
2581,5
2582,3
2583,5
2584,3
2585,3
2586,3
2587,3
2588,4
2589,0
2590,3
2591,1
2592,3
2593,2
2594,6
2595,3
2596,4
2597,4
2598,4
2599,6
2600,5
2601,4
2602,3
2603,3
2604,2
2605,6
2606,5
2607,2
2608,6
2609,6
2610,5
2611,3
2612,6
2613,6
2614,4
2615,4
2616,3
2617,6
2618,5
2619,4
2620,1
2621,4
2622,6
2623,3
2624,3
2625,5
2626,6
2627,2
2628,5
2629,6
2630,3
2631,2
2632,6
2633,3
2634,2
2635,5
2636,3
2637,6
2638,3
2639,6
2640,3
2641,5
2642,6
2643,0
2644,4
2645,6
2646,0
2647,0
2648,4
2649,4
2650,2
2651,3
2652,6
2653,3
2654,3
2655,6
2656,3
2657,0
2658,5
2659,5
2660,1
2661,5
2662,0
2663,3
2664,0
2665,4
2666,4
2667,3
2668,4
2669,0
2670,0
2671,3
2672,4
2673,4
2674,2
2675,3
2676,6
2677,3
2678,5
2679,6
2680,2
2681,6
2682,6
2683,4
2684,4
2685,4
2686,5
2687,6
2688,5
2689,5
2690,2
2691,6
2692,5
2693,4
2694,6
2695,6
2696,6
2697,6
2698,6
2699,2
2700,4
2701,3
2702,0
2703,0
2704,5
2705,2
2706,6
2707,0
2708,6
2709,3
2710,4
2711,0
2712,6
2713,4
2714,0
2715,4
2716,6
2717,4
2718,3
2719,6
2720,2
2721,4
2722,0
2723,4
2724,2
2725,4
2726,6
2727,6
2728,6
2729,3
2730,0
2731,3
2732,6
2733,2
2734,5
2735,0
2736,6
2737,3
2738,5
2739,4
2740,2
2741,6
2742,0
2743,0
2744,3
2745,4
2746,2
2747,0
2748,2
2749,3
2750,0
2751,5
2752,3
2753,0
2754,5
2755,6
2756,3
2757,2
2758,4
2759,3
2760,4
2761,0
2762,5
2763,0
2764,3
2765,5
2766,4
2767,3
2768,6
2769,3
2770,4
2771,0
2772,6
2773,4
2774,6
2775,0
2776,3
2777,6
2778,5
2779,4
2780,6
2781,0
2782,0
2783,4
2784,3
2785,5
2786,6
2787,4
2788,3
2789,5
2790,6
2791,3
2792,3
2793,4
2794,0
2795,0
2796,5
2797,2
2798,5
2799,4
2800,4
2801,0
2802,4
2803,3
2804,2
2805,3
2806,6
2807,4
2808,6
2809,4
2810,6
2811,6
2812,6
2813,4
2814,3
2815,0
2816,0
2817,0
2818,4
2819,3
2820,5
2821,1
2822,2
2823,5
2824,1
2825,6
2826,3
2827,2
2828,6
2829,6
2830,4
2831,6
2832,5
2833,4
2834,5
2835,3
2836,3
2837,0
2838,6
2839,4
2840,5
2841,3
2842,6
2843,3
2844,3
2845,0
2846,5
2847,0
2848,0
2849,0
2850,4
2851,0
2852,5
2853,5
2854,5
2855,3
2856,5
2857,4
2858,4
2859,6
2860,6
2861,3
2862,6
2863,6
2864,0
2865,3
2866,5
2867,4
2868,6
2869,6
2870,0
2871,3
2872,0
2873,3
2874,3
2875,4
2876,5
2877,5
2878,2
2879,3
2880,4
2881,4
2882,6
2883,3
2884,3
2885,4
2886,4
2887,5
2888,4
2889,6
2890,5
2891,4
2892,0
2893,6
2894,4
2895,0
2896,5
2897,4
2898,5
2899,3
2900,4
2901,3
2902,3
2903,5
2904,2
2905,6
2906,4
2907,4
2908,5
2909,2
2910,6
2911,3
2912,4
2913,5
2914,5
2915,3
2916,4
2917,3
2918,5
2919,6
2920,5
2921,5
2922,6
2923,5
2924,3
2925,0
2926,6
2927,3
2928,5
2929,5
2930,2
2931,6
2932,2
2933,4
2934,0
2935,6
2936,6
2937,6
2938,0
2939,2
2940,5
2941,3
2942,6
2943,6
2944,3
2945,6
2946,2
2947,2
2948,5
2949,3
2950,0
2951,5
2952,0
2953,2
2954,3
2955,3
2956,6
2957,6
2958,3
2959,4
2960,3
2961,4
2962,4
2963,0
2964,6
2965,2
2966,5
2967,3
2968,4
2969,6
2970,0
2971,2
2972,4
2973,4
2974,0
2975,6
2976,5
2977,6
2978,5
2979,3
2980,0
2981,4
2982,5
2983,4
2984,4
2985,3
2986,2
2987,5
2988,5
2989,3
2990,5
2991,2
2992,0
2993,3
2994,4
2995,3
2996,0
2997,3
2998,1
2999,6
3000,2
3001,3
3002,3
3003,3
3004,4
3005,4
3006,3
3007,5
3008,6
3009,2
3010,3
3011,6
3012,3
3013,0
3014,0
3015,0
3016,4
3017,2
3018,5
3019,4
3020,4
3021,6
3022,3
3023,3
3024,4
3025,2
3026,3
3027,4
3028,0
3029,0
3030,0
3031,2
3032,2
3033,4
3034,6
3035,5
3036,2
3037,6
3038,0
3039,4
3040,4
3041,3
3042,3
3043,4
3044,3
3045,3
3046,6
3047,4
3048,3
3049,0
3050,4
3051,5
3052,3
3053,2
3054,4
3055,0
3056,5
3057,2
3058,6
3059,2
3060,3
3061,6
3062,5
3063,3
3064,0
3065,2
3066,3
3067,6
3068,6
3069,3
3070,3
3071,3
3072,3
3073,3
3074,3
3075,6
3076,6
3077,4
3078,0
3079,3
3080,6
3081,4
3082,4
3083,3
3084,6
3085,6
3086,5
3087,5
3088,4
3089,5
3090,5
3091,3
3092,2
3093,1
3094,6
3095,4
3096,6
3097,6
3098,4
3099,4
3100,6
3101,6
3102,6
3103,0
3104,2
3105,3
3106,3
3107,6
3108,0
3109,0
3110,6
3111,0
3112,4
3113,6
3114,3
3115,2
3116,6
3117,4
3118,6
3119,4
3120,6
3121,3
3122,3
3123,4
3124,3
3125,4
3126,6
3127,0
3128,3
3129,4
3130,3
3131,6
3132,6
3133,6
3134,5
3135,1
3136,2
3137,3
3138,6
3139,4
3140,4
3141,6
3142,3
3143,4
3144,6
3145,3
3146,6
3147,5
3148,4
3149,4
3150,4
3151,4
3152,6
3153,4
3154,3
3155,2
3156,3
3157,0
3158,4
3159,4
3160,5
3161,3
3162,4
3163,5
3164,4
3165,4
3166,4
3167,5
3168,4
3169,3
3170,5
3171,2
3172,4
3173,2
3174,6
3175,3
3176,3
3177,2
3178,6
3179,6
3180,6
3181,6
3182,4
3183,3
3184,4
3185,0
3186,6
3187,4
3188,4
3189,6
3190,4
3191,0
3192,4
3193,4
3194,3
3195,4
3196,3
3197,2
3198,6
3199,3
3200,5
3201,3
3202,6
3203,3
3204,0
3205,6
3206,0
3207,5
3208,0
3209,6
3210,3
3211,4
3212,6
3213,5
3214,4
3215,5
3216,0
3217,5
3218,4
3219,3
3220,6
3221,6
3222,6
3223,3
3224,4
3225,4
3226,5
3227,6
3228,3
3229,4
3230,2
3231,3
3232,5
3233,5
3234,6
3235,4
3236,4
3237,6
3238,3
3239,4
3240,5
3241,0
3242,5
3243,2
3244,4
3245,4
3246,6
3247,3
3248,6
3249,3
3250,3
3251,4
3252,4
3253,4
3254,4
3255,6
3256,0
3257,3
3258,4
3259,6
3260,2
3261,5
3262,0
3263,4
3264,2
3265,0
3266,3
3267,0
3268,3
3269,4
3270,5
3271,0
3272,5
3273,2
3274,3
3275,4
3276,1
3277,0
3278,6
3279,6
3280,3
3281,3
3282,1
3283,6
3284,3
3285,4
3286,6
3287,3
3288,5
3289,3
3290,6
3291,3
3292,3
3293,4
3294,5
3295,0
3296,4
3297,6
3298,3
3299,0
3300,3
3301,4
3302,6
3303,5
3304,3
3305,3
3306,3
3307,6
3308,6
3309,0
3310,5
3311,0
3312,0
3313,0
3314,4
3315,3
3316,6
3317,4
3318,5
3319,0
3320,0
3321,0
3322,6
3323,2
3324,5
3325,6
3326,0
3327,3
3328,6
3329,3
3330,4
3331,2
3332,4
3333,4
3334,3
3335,2
3336,4
3337,3
3338,5
3339,0
3340,3
3341,6
3342,6
3343,4
3344,6
3345,2
3346,3
3347,0
3348,6
3349,6
3350,0
3351,0
3352,6
3353,0
3354,6
3355,6
3356,6
3357,3
3358,4
3359,4
3360,6
3361,0
3362,2
3363,4
3364,5
3365,4
3366,3
3367,0
3368,5
3369,2
3370,4
3371,6
3372,6
3373,4
3374,4
3375,6
3376,6
3377,0
3378,3
3379,3
3380,0
3381,6
3382,6
3383,0
3384,0
3385,2
3386,5
3387,3
3388,0
3389,3
3390,5
3391,6
3392,0
3393,4
3394,6
3395,1
3396,5
3397,5
3398,4
3399,5
3400,3
3401,4
3402,0
3403,3
3404,3
3405,4
3406,6
3407,4
3408,3
3409,3
3410,0
3411,0
3412,4
3413,4
3414,5
3415,3
3416,4
3417,3
3418,6
3419,6
3420,2
3421,3
3422,4
3423,0
3424,6
3425,0
3426,3
3427,3
3428,2
3429,0
3430,6
3431,6
3432,4
3433,4
3434,0
3435,3
3436,3
3437,4
3438,6
3439,3
3440,5
3441,3
3442,4
3443,6
3444,6
3445,2
3446,2
3447,2
3448,6
3449,0
3450,6
3451,3
3452,5
3453,0
3454,2
3455,6
3456,6
3457,6
3458,4
3459,5
3460,3
3461,3
3462,6
3463,4
3464,3
3465,0
3466,6
3467,6
3468,2
3469,3
3470,4
3471,3
3472,3
3473,3
3474,5
3475,0
3476,0
3477,5
3478,0
3479,4
3480,0
3481,6
3482,2
3483,6
3484,4
3485,6
3486,4
3487,5
3488,1
3489,4
3490,0
3491,6
3492,5
3493,5
3494,3
3495,6
3496,3
3497,0
3498,5
3499,4
3500,2
3501,4
3502,0
3503,3
3504,6
3505,3
3506,3
3507,0
3508,4
3509,6
3510,0
3511,0
3512,4
3513,6
3514,6
3515,4
3516,3
3517,2
3518,3
3519,0
3520,5
3521,6
3522,4
3523,6
3524,4
3525,3
3526,4
3527,2
3528,5
3529,6
3530,0
3531,5
3532,2
3533,4
3534,4
3535,5
3536,3
3537,2
3538,3
3539,3
3540,0
3541,3
3542,6
3543,2
3544,6
3545,3
3546,4
3547,3
3548,3
3549,0
3550,4
3551,0
3552,3
3553,6
3554,6
3555,6
3556,6
3557,4
3558,3
3559,5
3560,0
3561,5
3562,3
3563,6
3564,6
3565,5
3566,4
3567,3
3568,6
3569,3
3570,0
3571,3
3572,0
3573,3
3574,6
3575,4
3576,5
3577,5
3578,3
3579,4
3580,3
3581,4
3582,5
3583,4
3584,6
3585,3
3586,6
3587,3
3588,4
