id	predicted_label
0	3
1	5
2	2
3	3
4	0
5	6
6	0
7	4
8	3
9	6
10	3
11	3
12	6
13	3
14	5
15	6
16	3
17	2
18	0
19	6
20	6
21	6
22	3
23	3
24	3
25	6
26	3
27	6
28	3
29	5
30	3
31	5
32	2
33	2
34	4
35	4
36	4
37	3
38	6
39	3
40	3
41	2
42	3
43	5
44	0
45	6
46	3
47	6
48	0
49	0
50	4
51	3
52	2
53	3
54	6
55	2
56	6
57	0
58	0
59	3
60	5
61	0
62	6
63	3
64	4
65	4
66	3
67	3
68	0
69	4
70	2
71	6
72	6
73	3
74	3
75	3
76	6
77	3
78	6
79	5
80	4
81	3
82	3
83	0
84	3
85	6
86	6
87	6
88	4
89	0
90	3
91	5
92	3
93	3
94	4
95	0
96	2
97	2
98	4
99	2
100	6
101	3
102	4
103	5
104	4
105	6
106	5
107	3
108	3
109	6
110	4
111	6
112	4
113	5
114	5
115	3
116	4
117	6
118	3
119	4
120	3
121	3
122	4
123	3
124	5
125	1
126	3
127	4
128	6
129	3
130	3
131	3
132	6
133	4
134	2
135	3
136	6
137	3
138	3
139	3
140	2
141	6
142	6
143	2
144	3
145	2
146	0
147	0
148	2
149	4
150	4
151	0
152	4
153	5
154	3
155	5
156	6
157	2
158	2
159	6
160	2
161	3
162	6
163	6
164	5
165	5
166	4
167	2
168	3
169	3
170	3
171	0
172	3
173	3
174	4
175	6
176	1
177	3
178	3
179	5
180	2
181	1
182	4
183	4
184	5
185	2
186	6
187	2
188	3
189	6
190	4
191	3
192	6
193	6
194	2
195	0
196	3
197	3
198	0
199	4
200	0
201	3
202	2
203	0
204	4
205	5
206	3
207	3
208	0
209	3
210	0
211	0
212	2
213	2
214	3
215	6
216	6
217	0
218	6
219	0
220	3
221	0
222	3
223	2
224	3
225	3
226	2
227	2
228	3
229	6
230	3
231	3
232	6
233	5
234	2
235	4
236	3
237	3
238	2
239	0
240	3
241	4
242	0
243	3
244	3
245	0
246	3
247	5
248	3
249	2
250	6
251	4
252	5
253	3
254	0
255	3
256	4
257	4
258	3
259	3
260	3
261	3
262	6
263	6
264	6
265	5
266	3
267	3
268	6
269	3
270	2
271	5
272	4
273	4
274	2
275	4
276	3
277	6
278	3
279	4
280	4
281	6
282	4
283	2
284	0
285	6
286	6
287	6
288	3
289	5
290	0
291	2
292	0
293	5
294	5
295	2
296	6
297	3
298	6
299	3
300	6
301	6
302	5
303	3
304	3
305	4
306	2
307	5
308	2
309	3
310	2
311	0
312	6
313	3
314	6
315	2
316	3
317	4
318	6
319	6
320	4
321	3
322	6
323	3
324	3
325	4
326	3
327	3
328	3
329	4
330	4
331	3
332	4
333	0
334	0
335	2
336	3
337	5
338	6
339	3
340	3
341	0
342	5
343	0
344	0
345	3
346	0
347	6
348	0
349	3
350	3
351	6
352	6
353	2
354	4
355	2
356	4
357	3
358	4
359	3
360	2
361	3
362	0
363	6
364	4
365	3
366	3
367	6
368	2
369	3
370	2
371	3
372	0
373	2
374	2
375	5
376	5
377	1
378	0
379	4
380	5
381	5
382	3
383	3
384	3
385	4
386	2
387	4
388	3
389	4
390	3
391	3
392	6
393	2
394	0
395	5
396	5
397	3
398	3
399	3
400	2
401	6
402	3
403	5
404	3
405	3
406	0
407	4
408	5
409	3
410	6
411	4
412	3
413	2
414	2
415	6
416	3
417	3
418	3
419	6
420	4
421	6
422	3
423	3
424	6
425	4
426	6
427	3
428	6
429	6
430	3
431	6
432	4
433	3
434	3
435	6
436	6
437	4
438	2
439	2
440	2
441	4
442	3
443	2
444	0
445	4
446	1
447	4
448	5
449	5
450	4
451	5
452	3
453	3
454	3
455	6
456	4
457	3
458	4
459	3
460	0
461	5
462	5
463	6
464	2
465	5
466	2
467	6
468	6
469	2
470	3
471	0
472	2
473	6
474	4
475	2
476	4
477	4
478	2
479	0
480	4
481	6
482	5
483	0
484	5
485	5
486	4
487	3
488	0
489	4
490	4
491	2
492	4
493	4
494	0
495	4
496	6
497	3
498	5
499	5
500	3
501	5
502	2
503	4
504	3
505	3
506	3
507	6
508	6
509	3
510	3
511	5
512	5
513	6
514	5
515	3
516	3
517	3
518	6
519	4
520	5
521	0
522	4
523	3
524	0
525	2
526	0
527	2
528	6
529	3
530	4
531	4
532	3
533	6
534	2
535	2
536	2
537	3
538	3
539	0
540	3
541	5
542	5
543	3
544	3
545	2
546	2
547	3
548	3
549	5
550	6
551	0
552	4
553	3
554	3
555	3
556	4
557	0
558	3
559	3
560	6
561	5
562	6
563	6
564	3
565	3
566	4
567	0
568	3
569	3
570	3
571	3
572	3
573	3
574	6
575	5
576	3
577	3
578	4
579	3
580	0
581	5
582	6
583	3
584	0
585	0
586	3
587	4
588	0
589	0
590	5
591	2
592	4
593	0
594	5
595	3
596	4
597	3
598	6
599	2
600	6
601	3
602	2
603	3
604	5
605	2
606	6
607	4
608	6
609	3
610	6
611	6
612	3
613	5
614	2
615	3
616	5
617	6
618	3
619	6
620	3
621	3
622	3
623	2
624	5
625	2
626	5
627	3
628	2
629	0
630	3
631	4
632	4
633	6
634	3
635	3
636	2
637	4
638	5
639	6
640	0
641	4
642	3
643	2
644	2
645	1
646	4
647	4
648	3
649	2
650	4
651	3
652	6
653	6
654	5
655	4
656	6
657	2
658	6
659	2
660	3
661	6
662	2
663	2
664	3
665	5
666	3
667	6
668	4
669	5
670	2
671	2
672	3
673	4
674	4
675	3
676	4
677	0
678	0
679	4
680	2
681	3
682	5
683	2
684	4
685	3
686	3
687	4
688	5
689	4
690	2
691	4
692	2
693	6
694	2
695	4
696	3
697	6
698	3
699	0
700	5
701	3
702	0
703	4
704	2
705	0
706	6
707	2
708	4
709	4
710	2
711	3
712	0
713	5
714	4
715	3
716	2
717	4
718	6
719	3
720	3
721	6
722	4
723	3
724	5
725	3
726	0
727	6
728	2
729	6
730	3
731	3
732	0
733	2
734	5
735	2
736	6
737	6
738	2
739	3
740	2
741	0
742	4
743	6
744	6
745	5
746	2
747	3
748	3
749	6
750	4
751	3
752	3
753	3
754	2
755	3
756	2
757	2
758	6
759	2
760	4
761	3
762	6
763	2
764	6
765	3
766	2
767	5
768	5
769	3
770	3
771	3
772	0
773	3
774	2
775	5
776	5
777	2
778	2
779	3
780	2
781	3
782	2
783	4
784	0
785	2
786	4
787	6
788	6
789	3
790	3
791	3
792	4
793	5
794	3
795	4
796	6
797	0
798	0
799	3
800	3
801	4
802	2
803	3
804	0
805	4
806	6
807	6
808	5
809	3
810	3
811	0
812	3
813	3
814	6
815	4
816	5
817	2
818	2
819	6
820	6
821	3
822	3
823	4
824	4
825	4
826	0
827	6
828	6
829	4
830	6
831	3
832	4
833	3
834	3
835	3
836	0
837	3
838	4
839	1
840	3
841	4
842	3
843	2
844	5
845	0
846	4
847	0
848	6
849	6
850	5
851	6
852	0
853	2
854	4
855	0
856	3
857	3
858	4
859	3
860	4
861	4
862	3
863	3
864	0
865	3
866	4
867	6
868	3
869	3
870	3
871	3
872	4
873	3
874	3
875	6
876	3
877	1
878	5
879	4
880	3
881	3
882	4
883	2
884	3
885	6
886	3
887	6
888	3
889	0
890	3
891	4
892	6
893	4
894	2
895	0
896	3
897	4
898	4
899	2
900	2
901	2
902	0
903	4
904	3
905	6
906	4
907	4
908	4
909	3
910	0
911	4
912	0
913	3
914	3
915	5
916	1
917	6
918	0
919	5
920	3
921	0
922	5
923	5
924	4
925	5
926	3
927	2
928	4
929	4
930	6
931	2
932	6
933	6
934	2
935	4
936	6
937	6
938	6
939	5
940	2
941	3
942	4
943	3
944	6
945	4
946	6
947	5
948	6
949	3
950	0
951	6
952	2
953	0
954	4
955	6
956	4
957	0
958	4
959	6
960	2
961	2
962	3
963	5
964	4
965	3
966	5
967	3
968	2
969	3
970	4
971	0
972	0
973	3
974	3
975	0
976	4
977	3
978	5
979	4
980	3
981	3
982	3
983	5
984	0
985	3
986	2
987	2
988	4
989	0
990	5
991	6
992	0
993	0
994	6
995	6
996	0
997	5
998	6
999	3
1000	4
1001	6
1002	6
1003	5
1004	2
1005	6
1006	4
1007	4
1008	4
1009	6
1010	2
1011	3
1012	6
1013	2
1014	5
1015	5
1016	3
1017	3
1018	3
1019	6
1020	3
1021	2
1022	2
1023	4
1024	3
1025	2
1026	2
1027	3
1028	5
1029	3
1030	6
1031	6
1032	0
1033	0
1034	3
1035	6
1036	2
1037	2
1038	3
1039	0
1040	2
1041	3
1042	6
1043	2
1044	4
1045	2
1046	6
1047	2
1048	3
1049	3
1050	4
1051	5
1052	2
1053	4
1054	3
1055	2
1056	3
1057	3
1058	4
1059	3
1060	3
1061	5
1062	3
1063	5
1064	0
1065	5
1066	6
1067	3
1068	3
1069	6
1070	2
1071	3
1072	2
1073	0
1074	2
1075	0
1076	3
1077	2
1078	2
1079	5
1080	3
1081	5
1082	6
1083	2
1084	6
1085	3
1086	2
1087	4
1088	4
1089	0
1090	3
1091	4
1092	3
1093	3
1094	0
1095	4
1096	2
1097	6
1098	3
1099	3
1100	5
1101	3
1102	3
1103	6
1104	6
1105	3
1106	3
1107	6
1108	5
1109	6
1110	2
1111	0
1112	5
1113	3
1114	6
1115	5
1116	3
1117	5
1118	0
1119	3
1120	0
1121	3
1122	3
1123	3
1124	4
1125	5
1126	2
1127	1
1128	6
1129	6
1130	3
1131	4
1132	3
1133	2
1134	6
1135	4
1136	6
1137	3
1138	4
1139	4
1140	0
1141	0
1142	3
1143	4
1144	0
1145	3
1146	3
1147	6
1148	3
1149	4
1150	4
1151	6
1152	3
1153	2
1154	4
1155	5
1156	3
1157	0
1158	4
1159	3
1160	2
1161	3
1162	6
1163	0
1164	6
1165	5
1166	3
1167	3
1168	5
1169	6
1170	3
1171	4
1172	4
1173	3
1174	4
1175	6
1176	3
1177	2
1178	6
1179	3
1180	0
1181	4
1182	3
1183	5
1184	0
1185	3
1186	6
1187	3
1188	5
1189	2
1190	6
1191	6
1192	6
1193	6
1194	2
1195	4
1196	2
1197	3
1198	4
1199	2
1200	3
1201	3
1202	4
1203	6
1204	3
1205	0
1206	0
1207	5
1208	3
1209	3
1210	3
1211	2
1212	5
1213	3
1214	3
1215	5
1216	2
1217	4
1218	0
1219	2
1220	3
1221	3
1222	6
1223	3
1224	1
1225	5
1226	3
1227	4
1228	4
1229	2
1230	3
1231	3
1232	0
1233	0
1234	3
1235	3
1236	4
1237	4
1238	3
1239	3
1240	5
1241	3
1242	2
1243	5
1244	3
1245	2
1246	4
1247	3
1248	3
1249	3
1250	3
1251	4
1252	6
1253	3
1254	6
1255	6
1256	6
1257	4
1258	3
1259	4
1260	3
1261	2
1262	3
1263	4
1264	6
1265	3
1266	0
1267	3
1268	0
1269	3
1270	6
1271	4
1272	2
1273	3
1274	6
1275	5
1276	4
1277	3
1278	6
1279	5
1280	5
1281	3
1282	5
1283	4
1284	0
1285	3
1286	3
1287	0
1288	4
1289	3
1290	4
1291	3
1292	6
1293	6
1294	3
1295	0
1296	4
1297	0
1298	6
1299	2
1300	0
1301	3
1302	2
1303	4
1304	3
1305	3
1306	3
1307	5
1308	3
1309	3
1310	2
1311	6
1312	6
1313	3
1314	6
1315	4
1316	3
1317	6
1318	0
1319	4
1320	3
1321	3
1322	3
1323	0
1324	3
1325	3
1326	0
1327	6
1328	2
1329	4
1330	3
1331	4
1332	2
1333	6
1334	2
1335	0
1336	3
1337	3
1338	3
1339	2
1340	6
1341	3
1342	5
1343	3
1344	3
1345	3
1346	6
1347	5
1348	3
1349	3
1350	5
1351	3
1352	4
1353	5
1354	3
1355	6
1356	2
1357	0
1358	5
1359	6
1360	2
1361	4
1362	5
1363	4
1364	6
1365	3
1366	6
1367	3
1368	5
1369	3
1370	0
1371	4
1372	2
1373	3
1374	4
1375	3
1376	6
1377	4
1378	3
1379	5
1380	0
1381	4
1382	5
1383	3
1384	4
1385	4
1386	3
1387	6
1388	3
1389	6
1390	4
1391	4
1392	6
1393	0
1394	0
1395	0
1396	6
1397	2
1398	2
1399	2
1400	3
1401	4
1402	2
1403	4
1404	1
1405	3
1406	6
1407	2
1408	6
1409	6
1410	6
1411	2
1412	6
1413	6
1414	6
1415	3
1416	3
1417	4
1418	3
1419	2
1420	4
1421	3
1422	4
1423	3
1424	3
1425	2
1426	6
1427	6
1428	0
1429	3
1430	6
1431	2
1432	2
1433	5
1434	6
1435	5
1436	3
1437	5
1438	6
1439	1
1440	3
1441	4
1442	6
1443	0
1444	5
1445	3
1446	3
1447	3
1448	4
1449	2
1450	0
1451	3
1452	0
1453	6
1454	6
1455	3
1456	5
1457	5
1458	4
1459	6
1460	3
1461	6
1462	3
1463	3
1464	3
1465	4
1466	4
1467	0
1468	4
1469	4
1470	3
1471	3
1472	3
1473	3
1474	6
1475	3
1476	5
1477	3
1478	6
1479	4
1480	0
1481	3
1482	3
1483	6
1484	0
1485	4
1486	3
1487	5
1488	3
1489	6
1490	4
1491	6
1492	0
1493	5
1494	6
1495	3
1496	6
1497	3
1498	5
1499	6
1500	4
1501	2
1502	2
1503	4
1504	3
1505	6
1506	2
1507	6
1508	0
1509	3
1510	5
1511	2
1512	4
1513	5
1514	3
1515	6
1516	3
1517	4
1518	3
1519	5
1520	0
1521	1
1522	3
1523	4
1524	5
1525	3
1526	3
1527	3
1528	4
1529	6
1530	5
1531	3
1532	3
1533	6
1534	3
1535	5
1536	5
1537	3
1538	3
1539	3
1540	6
1541	2
1542	0
1543	3
1544	3
1545	0
1546	0
1547	5
1548	6
1549	3
1550	3
1551	3
1552	3
1553	3
1554	2
1555	6
1556	2
1557	0
1558	3
1559	2
1560	3
1561	5
1562	3
1563	2
1564	2
1565	3
1566	0
1567	3
1568	2
1569	3
1570	4
1571	0
1572	3
1573	2
1574	0
1575	5
1576	2
1577	3
1578	2
1579	6
1580	3
1581	6
1582	3
1583	5
1584	2
1585	2
1586	3
1587	6
1588	3
1589	2
1590	3
1591	3
1592	1
1593	5
1594	2
1595	6
1596	0
1597	3
1598	2
1599	3
1600	3
1601	4
1602	5
1603	1
1604	2
1605	5
1606	3
1607	6
1608	5
1609	5
1610	0
1611	2
1612	0
1613	2
1614	2
1615	6
1616	3
1617	6
1618	5
1619	3
1620	5
1621	2
1622	4
1623	2
1624	0
1625	3
1626	4
1627	0
1628	0
1629	5
1630	5
1631	2
1632	5
1633	3
1634	0
1635	3
1636	1
1637	0
1638	3
1639	0
1640	5
1641	3
1642	4
1643	3
1644	2
1645	4
1646	0
1647	0
1648	0
1649	2
1650	6
1651	2
1652	0
1653	0
1654	4
1655	6
1656	4
1657	2
1658	4
1659	4
1660	6
1661	4
1662	2
1663	6
1664	4
1665	3
1666	4
1667	5
1668	3
1669	3
1670	4
1671	0
1672	4
1673	0
1674	5
1675	3
1676	3
1677	2
1678	0
1679	6
1680	5
1681	6
1682	4
1683	3
1684	3
1685	0
1686	3
1687	3
1688	2
1689	2
1690	6
1691	6
1692	3
1693	3
1694	3
1695	3
1696	5
1697	5
1698	3
1699	0
1700	2
1701	6
1702	4
1703	6
1704	6
1705	4
1706	4
1707	4
1708	6
1709	3
1710	3
1711	3
1712	0
1713	3
1714	3
1715	3
1716	3
1717	0
1718	2
1719	0
1720	2
1721	3
1722	6
1723	6
1724	2
1725	3
1726	5
1727	3
1728	6
1729	4
1730	0
1731	5
1732	0
1733	3
1734	3
1735	0
1736	4
1737	6
1738	2
1739	0
1740	2
1741	4
1742	0
1743	3
1744	4
1745	2
1746	2
1747	4
1748	2
1749	4
1750	4
1751	3
1752	5
1753	0
1754	0
1755	0
1756	3
1757	6
1758	6
1759	3
1760	4
1761	3
1762	3
1763	2
1764	4
1765	4
1766	2
1767	3
1768	0
1769	3
1770	5
1771	1
1772	6
1773	3
1774	3
1775	5
1776	3
1777	6
1778	4
1779	4
1780	2
1781	2
1782	3
1783	3
1784	1
1785	0
1786	4
1787	0
1788	2
1789	6
1790	6
1791	2
1792	0
1793	5
1794	3
1795	4
1796	0
1797	6
1798	5
1799	3
1800	4
1801	3
1802	4
1803	0
1804	3
1805	3
1806	3
1807	5
1808	2
1809	2
1810	3
1811	3
1812	4
1813	4
1814	6
1815	0
1816	3
1817	3
1818	6
1819	2
1820	0
1821	3
1822	2
1823	0
1824	4
1825	3
1826	2
1827	3
1828	2
1829	4
1830	4
1831	6
1832	2
1833	2
1834	3
1835	4
1836	5
1837	3
1838	6
1839	3
1840	3
1841	6
1842	4
1843	3
1844	4
1845	2
1846	2
1847	0
1848	6
1849	4
1850	0
1851	3
1852	4
1853	0
1854	3
1855	3
1856	2
1857	3
1858	3
1859	0
1860	6
1861	3
1862	3
1863	3
1864	3
1865	3
1866	5
1867	6
1868	0
1869	4
1870	2
1871	3
1872	3
1873	2
1874	5
1875	2
1876	3
1877	5
1878	2
1879	5
1880	3
1881	6
1882	3
1883	5
1884	6
1885	4
1886	4
1887	3
1888	5
1889	4
1890	3
1891	0
1892	4
1893	3
1894	4
1895	3
1896	3
1897	3
1898	3
1899	3
1900	6
1901	5
1902	4
1903	4
1904	2
1905	5
1906	2
1907	3
1908	2
1909	3
1910	3
1911	6
1912	4
1913	3
1914	2
1915	0
1916	6
1917	3
1918	6
1919	2
1920	4
1921	4
1922	3
1923	3
1924	4
1925	3
1926	0
1927	3
1928	6
1929	6
1930	3
1931	4
1932	3
1933	5
1934	3
1935	3
1936	3
1937	3
1938	6
1939	3
1940	4
1941	6
1942	3
1943	6
1944	3
1945	6
1946	0
1947	6
1948	6
1949	6
1950	5
1951	4
1952	6
1953	3
1954	4
1955	6
1956	4
1957	3
1958	3
1959	3
1960	3
1961	0
1962	2
1963	5
1964	3
1965	6
1966	4
1967	3
1968	3
1969	3
1970	6
1971	3
1972	4
1973	4
1974	3
1975	2
1976	3
1977	3
1978	4
1979	2
1980	3
1981	0
1982	3
1983	3
1984	3
1985	4
1986	3
1987	3
1988	2
1989	3
1990	3
1991	4
1992	2
1993	2
1994	3
1995	5
1996	3
1997	3
1998	3
1999	0
2000	2
2001	0
2002	3
2003	3
2004	5
2005	0
2006	0
2007	6
2008	2
2009	3
2010	3
2011	2
2012	6
2013	0
2014	3
2015	5
2016	0
2017	6
2018	3
2019	0
2020	3
2021	0
2022	1
2023	2
2024	5
2025	3
2026	6
2027	3
2028	0
2029	4
2030	3
2031	5
2032	0
2033	4
2034	3
2035	3
2036	2
2037	3
2038	5
2039	4
2040	5
2041	6
2042	3
2043	3
2044	5
2045	6
2046	6
2047	2
2048	6
2049	2
2050	0
2051	2
2052	3
2053	5
2054	3
2055	0
2056	2
2057	6
2058	3
2059	2
2060	3
2061	3
2062	3
2063	2
2064	3
2065	4
2066	4
2067	6
2068	0
2069	4
2070	4
2071	3
2072	3
2073	0
2074	5
2075	2
2076	4
2077	2
2078	3
2079	3
2080	3
2081	2
2082	0
2083	2
2084	0
2085	0
2086	3
2087	0
2088	4
2089	4
2090	2
2091	3
2092	4
2093	6
2094	6
2095	4
2096	3
2097	2
2098	4
2099	3
2100	3
2101	3
2102	6
2103	4
2104	0
2105	5
2106	5
2107	4
2108	2
2109	3
2110	6
2111	5
2112	3
2113	6
2114	6
2115	2
2116	0
2117	5
2118	5
2119	5
2120	4
2121	0
2122	3
2123	3
2124	3
2125	6
2126	0
2127	3
2128	6
2129	3
2130	6
2131	4
2132	3
2133	5
2134	4
2135	5
2136	3
2137	3
2138	4
2139	1
2140	0
2141	0
2142	3
2143	4
2144	6
2145	6
2146	6
2147	4
2148	4
2149	3
2150	4
2151	0
2152	5
2153	5
2154	2
2155	2
2156	3
2157	2
2158	3
2159	3
2160	5
2161	0
2162	4
2163	3
2164	6
2165	6
2166	0
2167	2
2168	6
2169	3
2170	2
2171	3
2172	0
2173	3
2174	6
2175	5
2176	2
2177	2
2178	3
2179	3
2180	0
2181	2
2182	4
2183	0
2184	6
2185	6
2186	1
2187	0
2188	2
2189	4
2190	0
2191	5
2192	2
2193	5
2194	6
2195	3
2196	3
2197	3
2198	6
2199	3
2200	6
2201	2
2202	5
2203	6
2204	6
2205	2
2206	2
2207	3
2208	5
2209	4
2210	3
2211	3
2212	4
2213	0
2214	3
2215	0
2216	2
2217	4
2218	3
2219	3
2220	3
2221	5
2222	6
2223	4
2224	2
2225	6
2226	3
2227	0
2228	6
2229	6
2230	0
2231	3
2232	5
2233	4
2234	4
2235	3
2236	2
2237	5
2238	2
2239	2
2240	3
2241	4
2242	2
2243	3
2244	3
2245	2
2246	0
2247	6
2248	3
2249	4
2250	3
2251	3
2252	3
2253	4
2254	4
2255	3
2256	3
2257	4
2258	5
2259	0
2260	3
2261	4
2262	5
2263	3
2264	3
2265	4
2266	2
2267	4
2268	4
2269	4
2270	3
2271	0
2272	3
2273	0
2274	2
2275	6
2276	3
2277	3
2278	4
2279	2
2280	3
2281	3
2282	4
2283	3
2284	0
2285	3
2286	3
2287	3
2288	3
2289	6
2290	3
2291	4
2292	6
2293	5
2294	0
2295	6
2296	5
2297	0
2298	5
2299	0
2300	3
2301	0
2302	1
2303	0
2304	4
2305	3
2306	2
2307	3
2308	5
2309	5
2310	5
2311	5
2312	4
2313	0
2314	5
2315	0
2316	2
2317	2
2318	2
2319	3
2320	3
2321	6
2322	3
2323	2
2324	3
2325	0
2326	3
2327	4
2328	3
2329	6
2330	3
2331	0
2332	2
2333	0
2334	2
2335	3
2336	6
2337	6
2338	0
2339	6
2340	4
2341	4
2342	5
2343	0
2344	3
2345	3
2346	0
2347	2
2348	2
2349	6
2350	6
2351	5
2352	6
2353	2
2354	5
2355	3
2356	3
2357	5
2358	4
2359	4
2360	6
2361	2
2362	0
2363	5
2364	3
2365	2
2366	4
2367	6
2368	3
2369	3
2370	4
2371	0
2372	5
2373	2
2374	6
2375	0
2376	2
2377	4
2378	3
2379	2
2380	2
2381	4
2382	6
2383	3
2384	2
2385	2
2386	4
2387	3
2388	2
2389	5
2390	3
2391	6
2392	3
2393	3
2394	3
2395	5
2396	3
2397	2
2398	2
2399	4
2400	6
2401	3
2402	0
2403	2
2404	3
2405	0
2406	0
2407	3
2408	2
2409	6
2410	4
2411	0
2412	2
2413	3
2414	3
2415	4
2416	4
2417	4
2418	0
2419	3
2420	6
2421	0
2422	3
2423	6
2424	2
2425	4
2426	3
2427	5
2428	4
2429	2
2430	3
2431	2
2432	3
2433	4
2434	6
2435	4
2436	3
2437	0
2438	4
2439	3
2440	3
2441	2
2442	3
2443	3
2444	2
2445	3
2446	0
2447	3
2448	3
2449	0
2450	2
2451	3
2452	2
2453	3
2454	3
2455	3
2456	2
2457	3
2458	3
2459	2
2460	6
2461	4
2462	4
2463	5
2464	3
2465	3
2466	6
2467	2
2468	0
2469	2
2470	3
2471	0
2472	4
2473	3
2474	3
2475	5
2476	5
2477	2
2478	3
2479	4
2480	3
2481	3
2482	4
2483	4
2484	3
2485	3
2486	6
2487	3
2488	3
2489	5
2490	5
2491	4
2492	6
2493	4
2494	3
2495	0
2496	4
2497	3
2498	4
2499	3
2500	2
2501	2
2502	2
2503	2
2504	0
2505	3
2506	3
2507	3
2508	5
2509	0
2510	2
2511	3
2512	5
2513	2
2514	4
2515	3
2516	3
2517	6
2518	4
2519	4
2520	4
2521	4
2522	6
2523	0
2524	2
2525	3
2526	2
2527	2
2528	0
2529	4
2530	5
2531	6
2532	6
2533	4
2534	3
2535	0
2536	5
2537	3
2538	6
2539	2
2540	6
2541	5
2542	2
2543	2
2544	4
2545	3
2546	3
2547	2
2548	3
2549	3
2550	3
2551	4
2552	4
2553	2
2554	5
2555	0
2556	0
2557	3
2558	6
2559	3
2560	3
2561	0
2562	0
2563	4
2564	3
2565	4
2566	6
2567	2
2568	3
2569	0
2570	1
2571	2
2572	5
2573	3
2574	5
2575	5
2576	5
2577	0
2578	5
2579	0
2580	2
2581	3
2582	0
2583	3
2584	3
2585	0
2586	5
2587	3
2588	2
2589	4
2590	6
2591	0
2592	6
2593	6
2594	3
2595	2
2596	4
2597	4
2598	4
2599	0
2600	3
2601	5
2602	3
2603	3
2604	3
2605	3
2606	3
2607	2
2608	6
2609	0
2610	2
2611	6
2612	5
2613	0
2614	0
2615	0
2616	3
2617	3
2618	6
2619	3
2620	0
2621	3
2622	5
2623	4
2624	2
2625	3
2626	5
2627	0
2628	4
2629	6
2630	3
2631	4
2632	0
2633	5
2634	3
2635	4
2636	0
2637	0
2638	6
2639	4
2640	3
2641	5
2642	4
2643	4
2644	4
2645	3
2646	6
2647	5
2648	3
2649	6
2650	4
2651	2
2652	2
2653	6
2654	4
2655	5
2656	6
2657	3
2658	4
2659	0
2660	5
2661	0
2662	3
2663	0
2664	3
2665	2
2666	2
2667	6
2668	2
2669	3
2670	3
2671	6
2672	6
2673	6
2674	2
2675	5
2676	3
2677	3
2678	3
2679	6
2680	6
2681	3
2682	5
2683	4
2684	4
2685	3
2686	6
2687	6
2688	3
2689	4
2690	4
2691	4
2692	4
2693	5
2694	5
2695	6
2696	6
2697	2
2698	6
2699	3
2700	4
2701	3
2702	0
2703	4
2704	4
2705	3
2706	2
2707	4
2708	6
2709	5
2710	4
2711	6
2712	3
2713	4
2714	3
2715	6
2716	6
2717	5
2718	3
2719	5
2720	3
2721	2
2722	3
2723	4
2724	3
2725	0
2726	6
2727	0
2728	0
2729	3
2730	2
2731	4
2732	4
2733	4
2734	3
2735	0
2736	0
2737	6
2738	2
2739	3
2740	2
2741	3
2742	6
2743	6
2744	3
2745	0
2746	3
2747	4
2748	6
2749	0
2750	4
2751	2
2752	4
2753	3
2754	2
2755	4
2756	5
2757	4
2758	0
2759	5
2760	6
2761	0
2762	3
2763	6
2764	6
2765	3
2766	0
2767	4
2768	6
2769	6
2770	3
2771	5
2772	0
2773	4
2774	4
2775	3
2776	2
2777	4
2778	3
2779	5
2780	0
2781	3
2782	0
2783	4
2784	5
2785	3
2786	3
2787	0
2788	3
2789	0
2790	6
2791	3
2792	5
2793	4
2794	5
2795	2
2796	0
2797	5
2798	4
2799	2
2800	6
2801	0
2802	3
2803	3
2804	0
2805	5
2806	3
2807	2
2808	4
2809	3
2810	0
2811	3
2812	4
2813	2
2814	0
2815	4
2816	3
2817	4
2818	6
2819	1
2820	3
2821	3
2822	0
2823	6
2824	5
2825	3
2826	3
2827	3
2828	3
2829	3
2830	5
2831	3
2832	3
2833	5
2834	4
2835	3
2836	4
2837	2
2838	4
2839	6
2840	3
2841	0
2842	3
2843	4
2844	3
2845	2
2846	3
2847	0
2848	2
2849	3
2850	0
2851	3
2852	3
2853	3
2854	3
2855	3
2856	6
2857	4
2858	0
2859	3
2860	3
2861	3
2862	3
2863	3
2864	6
2865	4
2866	0
2867	5
2868	0
2869	3
2870	6
2871	3
2872	6
2873	2
2874	0
2875	3
2876	2
2877	2
2878	3
2879	3
2880	6
2881	6
2882	0
2883	6
2884	0
2885	5
2886	4
2887	6
2888	0
2889	4
2890	3
2891	4
2892	3
2893	3
2894	6
2895	5
2896	3
2897	3
2898	5
2899	6
2900	3
2901	3
2902	3
2903	6
2904	3
2905	6
2906	6
2907	2
2908	0
2909	4
2910	0
2911	4
2912	4
2913	6
2914	3
2915	3
2916	2
2917	5
2918	3
2919	3
2920	5
2921	3
2922	6
2923	3
2924	3
2925	3
2926	6
2927	4
2928	3
2929	3
2930	3
2931	5
2932	4
2933	0
2934	4
2935	3
2936	3
2937	0
2938	4
2939	3
2940	4
2941	2
2942	4
2943	6
2944	3
2945	4
2946	5
2947	5
2948	3
2949	3
2950	3
2951	6
2952	6
2953	3
2954	4
2955	0
2956	5
2957	0
2958	5
2959	0
2960	3
2961	3
2962	5
2963	0
2964	0
2965	6
2966	2
2967	2
2968	5
2969	5
2970	5
2971	2
2972	3
2973	4
2974	6
2975	6
2976	0
2977	3
2978	0
2979	6
2980	5
2981	3
2982	0
2983	0
2984	0
2985	4
2986	4
2987	4
2988	4
2989	3
2990	5
2991	3
2992	0
2993	4
2994	3
2995	0
2996	4
2997	6
2998	3
2999	3
3000	6
3001	6
3002	6
3003	4
3004	4
3005	3
3006	2
3007	2
3008	3
3009	3
3010	2
3011	3
3012	0
3013	3
3014	3
3015	6
3016	3
3017	3
3018	4
3019	3
3020	0
3021	5
3022	3
3023	3
3024	4
3025	2
3026	4
3027	4
3028	2
3029	0
3030	0
3031	4
3032	3
3033	2
3034	3
3035	3
3036	5
3037	3
3038	3
3039	3
3040	0
3041	3
3042	2
3043	3
3044	2
3045	3
3046	3
3047	4
3048	2
3049	5
3050	0
3051	4
3052	3
3053	2
3054	6
3055	5
3056	4
3057	5
3058	5
3059	2
3060	3
3061	4
3062	4
3063	6
3064	6
3065	6
3066	6
3067	2
3068	0
3069	3
3070	2
3071	4
3072	3
3073	0
3074	4
3075	4
3076	2
3077	0
3078	6
3079	4
3080	1
3081	0
3082	6
3083	4
3084	0
3085	3
3086	3
3087	4
3088	6
3089	5
3090	3
3091	6
3092	2
3093	6
3094	5
3095	6
3096	3
3097	0
3098	3
3099	3
3100	0
3101	6
3102	0
3103	3
3104	6
3105	3
3106	2
3107	6
3108	3
3109	2
3110	3
3111	6
3112	3
3113	4
3114	3
3115	0
3116	6
3117	3
3118	3
3119	0
3120	4
3121	1
3122	3
3123	5
3124	3
3125	3
3126	0
3127	3
3128	6
3129	2
3130	2
3131	5
3132	6
3133	3
3134	3
3135	2
3136	3
3137	3
3138	2
3139	2
3140	5
3141	2
3142	4
3143	2
3144	6
3145	2
3146	0
3147	2
3148	4
3149	3
3150	3
3151	4
3152	5
3153	4
3154	3
3155	2
3156	2
3157	4
3158	3
3159	0
3160	5
3161	4
3162	0
3163	4
3164	4
3165	0
3166	3
3167	4
3168	2
3169	2
3170	2
3171	6
3172	3
3173	5
3174	3
3175	6
3176	5
3177	6
3178	5
3179	3
3180	4
3181	4
3182	3
3183	2
3184	4
3185	5
3186	4
3187	3
3188	4
3189	4
3190	0
3191	3
3192	2
3193	4
3194	6
3195	6
3196	3
3197	6
3198	0
3199	3
3200	0
3201	2
3202	4
3203	6
3204	3
3205	5
3206	3
3207	4
3208	3
3209	3
3210	2
3211	2
3212	6
3213	0
3214	2
3215	3
3216	6
3217	2
3218	3
3219	2
3220	0
3221	4
3222	4
3223	6
3224	4
3225	3
3226	0
3227	3
3228	0
3229	6
3230	3
3231	5
3232	6
3233	6
3234	3
3235	3
3236	4
3237	3
3238	6
3239	0
3240	3
3241	6
3242	6
3243	2
3244	0
3245	0
3246	3
3247	3
3248	6
3249	4
3250	3
3251	2
3252	3
3253	0
3254	4
3255	0
3256	2
3257	5
3258	6
3259	5
3260	3
3261	2
3262	3
3263	2
3264	3
3265	5
3266	4
3267	5
3268	0
3269	2
3270	3
3271	4
3272	3
3273	5
3274	3
3275	3
3276	4
3277	4
3278	6
3279	2
3280	3
3281	2
3282	3
3283	4
3284	0
3285	5
3286	4
3287	3
3288	2
3289	3
3290	3
3291	4
3292	2
3293	5
3294	4
3295	3
3296	2
3297	3
3298	6
3299	0
3300	2
3301	4
3302	3
3303	4
3304	4
3305	5
3306	6
3307	6
3308	4
3309	3
3310	3
3311	5
3312	6
3313	3
3314	2
3315	0
3316	6
3317	5
3318	4
3319	5
3320	4
3321	3
3322	6
3323	0
3324	3
3325	0
3326	2
3327	3
3328	6
3329	5
3330	2
3331	3
3332	6
3333	6
3334	0
3335	6
3336	4
3337	6
3338	3
3339	4
3340	6
3341	0
3342	3
3343	6
3344	6
3345	6
3346	4
3347	3
3348	4
3349	0
3350	4
3351	0
3352	2
3353	4
3354	2
3355	3
3356	0
3357	4
3358	3
3359	4
3360	3
3361	6
3362	0
3363	0
3364	6
3365	0
3366	2
3367	3
3368	4
3369	4
3370	2
3371	3
3372	3
3373	6
3374	3
3375	3
3376	1
3377	4
3378	3
3379	3
3380	5
3381	4
3382	3
3383	5
3384	2
3385	3
3386	3
3387	0
3388	3
3389	4
3390	5
3391	6
3392	3
3393	5
3394	4
3395	4
3396	2
3397	4
3398	3
3399	3
3400	2
3401	3
3402	4
3403	4
3404	0
3405	2
3406	6
3407	3
3408	3
3409	5
3410	3
3411	4
3412	3
3413	3
3414	2
3415	2
3416	3
3417	6
3418	3
3419	3
3420	6
3421	3
3422	6
3423	3
3424	5
3425	3
3426	4
3427	4
3428	0
3429	3
3430	3
3431	2
3432	3
3433	0
3434	4
3435	2
3436	5
3437	6
3438	2
3439	6
3440	0
3441	5
3442	0
3443	2
3444	6
3445	4
3446	5
3447	0
3448	3
3449	3
3450	2
3451	6
3452	2
3453	6
3454	3
3455	5
3456	6
3457	0
3458	2
3459	3
3460	3
3461	3
3462	4
3463	3
3464	5
3465	0
3466	3
3467	6
3468	3
3469	4
3470	2
3471	4
3472	0
3473	5
3474	5
3475	3
3476	4
3477	6
3478	3
3479	5
3480	5
3481	0
3482	4
3483	3
3484	4
3485	4
3486	1
3487	3
3488	2
3489	2
3490	6
3491	2
3492	0
3493	6
3494	5
3495	2
3496	2
3497	0
3498	3
3499	6
3500	3
3501	5
3502	3
3503	3
3504	2
3505	5
3506	3
3507	2
3508	3
3509	4
3510	6
3511	6
3512	6
3513	4
3514	2
3515	3
3516	3
3517	3
3518	2
3519	3
3520	3
3521	6
3522	3
3523	0
3524	4
3525	3
3526	6
3527	0
3528	6
3529	4
3530	4
3531	2
3532	0
3533	3
3534	3
3535	0
3536	2
3537	6
3538	2
3539	3
3540	3
3541	3
3542	3
3543	6
3544	3
3545	5
3546	3
3547	5
3548	3
3549	6
3550	6
3551	6
3552	0
3553	4
3554	4
3555	5
3556	6
3557	6
3558	3
3559	6
3560	3
3561	5
3562	5
3563	6
3564	4
3565	5
3566	5
3567	0
3568	0
3569	4
3570	3
3571	3
3572	0
3573	3
3574	6
3575	6
3576	3
3577	2
3578	3
3579	0
3580	6
3581	3
3582	6
3583	0
3584	0
3585	3
3586	5
3587	3
3588	6
3589	3
3590	4
3591	6
3592	4
3593	3
3594	2
3595	0
3596	4
3597	4
3598	3
3599	6
3600	3
3601	5
3602	3
3603	1
3604	3
3605	4
3606	3
3607	5
3608	2
3609	3
3610	5
3611	0
3612	6
3613	3
3614	3
3615	4
3616	5
3617	3
3618	6
3619	1
3620	3
3621	0
3622	3
3623	0
3624	6
3625	5
3626	3
3627	3
3628	0
3629	0
3630	2
3631	6
3632	3
3633	6
3634	1
3635	2
3636	4
3637	4
3638	3
3639	3
3640	5
3641	6
3642	3
3643	6
3644	3
3645	3
3646	4
3647	3
3648	6
3649	3
3650	3
3651	2
3652	4
3653	3
3654	6
3655	6
3656	2
3657	6
3658	6
3659	6
3660	0
3661	6
3662	6
3663	3
3664	3
3665	0
3666	0
3667	5
3668	6
3669	2
3670	2
3671	5
3672	3
3673	5
3674	2
3675	6
3676	6
3677	4
3678	4
3679	6
3680	3
3681	4
3682	3
3683	3
3684	5
3685	3
3686	6
3687	4
3688	3
3689	2
3690	2
3691	6
3692	3
3693	0
3694	5
3695	6
3696	3
3697	3
3698	3
3699	0
3700	3
3701	3
3702	6
3703	5
3704	6
3705	3
3706	4
3707	6
3708	4
3709	4
3710	3
3711	2
3712	3
3713	3
3714	2
3715	4
3716	4
3717	3
3718	0
3719	2
3720	3
3721	6
3722	3
3723	0
3724	0
3725	1
3726	2
3727	3
3728	6
3729	3
3730	6
3731	3
3732	3
3733	6
3734	6
3735	4
3736	2
3737	3
3738	4
3739	4
3740	6
3741	4
3742	5
3743	4
3744	6
3745	2
3746	0
3747	3
3748	4
3749	2
3750	6
3751	3
3752	3
3753	6
3754	3
3755	2
3756	2
3757	6
3758	4
3759	3
3760	4
3761	4
3762	6
3763	6
3764	3
3765	6
3766	5
3767	2
3768	6
3769	3
3770	0
3771	6
3772	5
3773	3
3774	3
3775	5
3776	4
3777	4
3778	0
3779	3
3780	4
3781	5
3782	6
3783	5
3784	4
3785	6
3786	3
3787	0
3788	0
3789	3
3790	0
3791	0
3792	2
3793	5
3794	6
3795	6
3796	4
3797	3
3798	4
3799	0
3800	6
3801	3
3802	3
3803	0
3804	5
3805	0
3806	2
3807	0
3808	2
3809	3
3810	4
3811	2
3812	5
3813	2
3814	3
3815	4
3816	5
3817	3
3818	4
3819	4
3820	3
3821	0
3822	3
3823	1
3824	2
3825	6
3826	3
3827	4
3828	4
3829	0
3830	2
3831	3
3832	0
3833	0
3834	2
3835	3
3836	5
3837	2
3838	6
3839	5
3840	6
3841	3
3842	6
3843	4
3844	3
3845	5
3846	3
3847	6
3848	4
3849	3
3850	3
3851	4
3852	5
3853	5
3854	4
3855	2
3856	0
3857	0
3858	0
3859	2
3860	4
3861	3
3862	6
3863	3
3864	3
3865	4
3866	3
3867	5
3868	2
3869	3
3870	4
3871	3
3872	3
3873	3
3874	3
3875	6
3876	4
3877	6
3878	6
3879	4
3880	3
3881	6
3882	4
3883	4
3884	3
3885	3
3886	3
3887	5
3888	3
3889	4
3890	3
3891	4
3892	3
3893	4
3894	3
3895	0
3896	2
3897	3
3898	0
3899	3
3900	6
3901	6
3902	3
3903	6
3904	4
3905	2
3906	6
3907	3
3908	3
3909	5
3910	0
3911	5
3912	6
3913	6
3914	5
3915	5
3916	0
3917	2
3918	3
3919	0
3920	4
3921	0
3922	4
3923	3
3924	2
3925	3
3926	3
3927	4
3928	3
3929	5
3930	3
3931	0
3932	2
3933	4
3934	6
3935	4
3936	3
3937	3
3938	5
3939	4
3940	3
3941	4
3942	3
3943	1
3944	6
3945	2
3946	5
3947	2
3948	3
3949	0
3950	3
3951	5
3952	3
3953	4
3954	3
3955	6
3956	3
3957	0
3958	4
3959	0
3960	3
3961	5
3962	5
3963	0
3964	1
3965	0
3966	6
3967	4
3968	4
3969	5
3970	4
3971	4
3972	6
3973	4
3974	3
3975	3
3976	6
3977	0
3978	3
3979	3
3980	4
3981	3
3982	6
3983	3
3984	0
3985	6
3986	4
3987	0
3988	0
3989	6
3990	3
3991	6
3992	3
3993	3
3994	3
3995	0
3996	3
3997	3
3998	3
3999	6
4000	0
4001	3
4002	6
4003	3
4004	3
4005	3
4006	3
4007	3
4008	3
4009	3
4010	4
4011	5
4012	3
4013	6
4014	4
4015	4
4016	2
4017	5
4018	3
4019	3
4020	6
4021	2
4022	2
4023	2
4024	3
4025	0
4026	2
4027	3
4028	4
4029	4
4030	3
4031	4
4032	3
4033	2
4034	6
4035	5
4036	3
4037	4
4038	2
4039	3
4040	6
4041	6
4042	0
4043	4
4044	3
4045	2
4046	3
4047	4
4048	0
4049	3
4050	0
4051	6
4052	3
4053	0
4054	3
4055	5
4056	0
4057	6
4058	5
4059	2
4060	3
4061	3
4062	0
4063	6
4064	3
4065	3
4066	3
4067	0
4068	0
4069	4
4070	3
4071	3
4072	0
4073	5
4074	4
4075	2
4076	3
4077	0
4078	3
4079	0
4080	2
4081	2
4082	6
4083	4
4084	0
4085	3
4086	3
4087	3
4088	6
4089	2
4090	4
4091	0
4092	0
4093	0
4094	4
4095	5
4096	2
4097	2
4098	2
4099	3
4100	3
4101	4
4102	4
4103	6
4104	4
4105	5
4106	3
4107	4
4108	4
4109	6
4110	0
4111	6
4112	3
4113	6
4114	2
4115	0
4116	5
4117	6
4118	3
4119	4
4120	3
4121	5
4122	3
4123	2
4124	0
4125	4
4126	6
4127	6
4128	4
4129	4
4130	3
4131	6
4132	3
4133	4
4134	4
4135	0
4136	3
4137	3
4138	2
4139	4
4140	2
4141	2
4142	6
4143	5
4144	4
4145	3
4146	4
4147	6
4148	0
4149	0
4150	4
4151	0
4152	0
4153	1
4154	2
4155	3
4156	3
4157	4
4158	3
4159	5
4160	3
4161	5
4162	2
4163	2
4164	5
4165	4
4166	3
4167	3
4168	3
4169	3
4170	2
4171	6
4172	6
4173	5
4174	2
4175	0
4176	3
4177	4
4178	3
4179	3
4180	3
4181	3
4182	5
4183	3
4184	6
4185	3
4186	5
4187	2
4188	4
4189	2
4190	3
4191	3
4192	6
4193	5
4194	2
4195	4
4196	3
4197	0
4198	3
4199	5
4200	3
4201	3
4202	6
4203	1
4204	4
4205	0
4206	5
4207	3
4208	4
4209	0
4210	2
4211	3
4212	2
4213	0
4214	6
4215	3
4216	6
4217	4
4218	4
4219	3
4220	4
4221	4
4222	3
4223	0
4224	4
4225	6
4226	3
4227	3
4228	3
4229	3
4230	3
4231	4
4232	6
4233	5
4234	3
4235	6
4236	3
4237	4
4238	2
4239	0
4240	3
4241	3
4242	0
4243	3
4244	6
4245	2
4246	2
4247	3
4248	0
4249	4
4250	2
4251	3
4252	3
4253	6
4254	3
4255	0
4256	6
4257	6
4258	5
4259	6
4260	2
4261	6
4262	4
4263	0
4264	6
4265	3
4266	0
4267	5
4268	4
4269	3
4270	3
4271	0
4272	2
4273	6
4274	3
4275	3
4276	0
4277	5
4278	3
4279	3
4280	4
4281	3
4282	6
4283	3
4284	0
4285	5
4286	6
4287	3
4288	3
4289	3
4290	2
4291	3
4292	3
4293	3
4294	5
4295	2
4296	2
4297	6
4298	4
4299	3
4300	4
4301	3
4302	4
4303	3
4304	3
4305	0
4306	2
4307	5
4308	6
4309	5
4310	3
4311	0
4312	3
4313	3
4314	6
4315	4
4316	0
4317	0
4318	2
4319	0
4320	6
4321	4
4322	6
4323	3
4324	6
4325	2
4326	6
4327	3
4328	3
4329	3
4330	5
4331	2
4332	6
4333	5
4334	3
4335	6
4336	3
4337	2
4338	6
4339	2
4340	3
4341	6
4342	3
4343	2
4344	4
4345	0
4346	4
4347	2
4348	2
4349	0
4350	6
4351	2
4352	3
4353	5
4354	2
4355	3
4356	0
4357	6
4358	4
4359	0
4360	0
4361	3
4362	6
4363	0
4364	6
4365	3
4366	3
4367	6
4368	3
4369	6
4370	5
4371	3
4372	2
4373	2
4374	6
4375	0
4376	0
4377	0
4378	6
4379	6
4380	3
4381	0
4382	2
4383	2
4384	4
4385	0
4386	2
4387	6
4388	5
4389	4
4390	4
4391	6
4392	3
4393	4
4394	3
4395	2
4396	3
4397	4
4398	4
4399	3
4400	5
4401	3
4402	2
4403	3
4404	6
4405	4
4406	3
4407	2
4408	0
4409	6
4410	4
4411	6
4412	6
4413	3
4414	0
4415	6
4416	3
4417	6
4418	2
4419	6
4420	4
4421	4
4422	6
4423	4
4424	0
4425	0
4426	5
4427	3
4428	2
4429	4
4430	2
4431	0
4432	6
4433	0
4434	2
4435	5
4436	4
4437	2
4438	4
4439	2
4440	5
4441	3
4442	4
4443	3
4444	1
4445	6
4446	4
4447	1
4448	6
4449	4
4450	3
4451	3
4452	2
4453	3
4454	6
4455	0
4456	5
4457	3
4458	3
4459	6
4460	6
4461	3
4462	0
4463	4
4464	2
4465	0
4466	4
4467	2
4468	2
4469	3
4470	3
4471	3
4472	2
4473	6
4474	3
4475	4
4476	3
4477	3
4478	3
4479	3
4480	4
4481	6
4482	3
4483	6
4484	4
4485	4
4486	6
4487	2
4488	4
4489	6
4490	4
4491	2
4492	3
4493	2
4494	0
4495	4
4496	3
4497	2
4498	4
4499	3
4500	6
4501	4
4502	4
4503	4
4504	6
4505	3
4506	3
4507	0
4508	6
4509	2
4510	2
4511	6
4512	3
4513	5
4514	3
4515	3
4516	3
4517	2
4518	3
4519	4
4520	4
4521	3
4522	3
4523	0
4524	2
4525	5
4526	3
4527	4
4528	2
4529	3
4530	4
4531	0
4532	3
4533	3
4534	3
4535	3
4536	2
4537	3
4538	6
4539	4
4540	3
4541	3
4542	3
4543	5
4544	3
4545	5
4546	6
4547	4
4548	5
4549	4
4550	4
4551	4
4552	4
4553	6
4554	6
4555	4
4556	3
4557	2
4558	3
4559	6
4560	3
4561	2
4562	0
4563	4
4564	6
4565	0
4566	4
4567	3
4568	3
4569	0
4570	4
4571	3
4572	0
4573	3
4574	3
4575	3
4576	3
4577	3
4578	0
4579	1
4580	5
4581	0
4582	3
4583	6
4584	3
4585	6
4586	4
4587	6
4588	3
4589	4
4590	3
4591	3
4592	3
4593	3
4594	6
4595	3
4596	3
4597	3
4598	6
4599	6
4600	5
4601	2
4602	6
4603	6
4604	3
4605	4
4606	3
4607	3
4608	2
4609	2
4610	6
4611	0
4612	4
4613	2
4614	3
4615	5
4616	0
4617	6
4618	6
4619	0
4620	3
4621	0
4622	0
4623	0
4624	4
4625	3
4626	3
4627	6
4628	2
4629	6
4630	4
4631	4
4632	3
4633	3
4634	3
4635	5
4636	4
4637	3
4638	2
4639	5
4640	5
4641	3
4642	6
4643	3
4644	6
4645	2
4646	5
4647	2
4648	6
4649	5
4650	6
4651	3
4652	5
4653	4
4654	2
4655	3
4656	6
4657	6
4658	6
4659	0
4660	4
4661	0
4662	6
4663	0
4664	6
4665	6
4666	0
4667	3
4668	3
4669	3
4670	4
4671	0
4672	0
4673	5
4674	4
4675	4
4676	2
4677	2
4678	0
4679	4
4680	4
4681	5
4682	5
4683	5
4684	4
4685	4
4686	6
4687	6
4688	2
4689	2
4690	6
4691	3
4692	3
4693	3
4694	3
4695	0
4696	0
4697	4
4698	0
4699	0
4700	0
4701	3
4702	6
4703	0
4704	4
4705	1
4706	2
4707	6
4708	3
4709	5
4710	3
4711	3
4712	5
4713	5
4714	5
4715	6
4716	3
4717	6
4718	5
4719	4
4720	6
4721	4
4722	4
4723	3
4724	3
4725	2
4726	4
4727	0
4728	3
4729	4
4730	4
4731	5
4732	4
4733	4
4734	5
4735	6
4736	0
4737	3
4738	3
4739	3
4740	3
4741	4
4742	2
4743	3
4744	6
4745	0
4746	3
4747	3
4748	0
4749	6
4750	4
4751	6
4752	3
4753	2
4754	0
4755	5
4756	4
4757	2
4758	2
4759	0
4760	3
4761	2
4762	5
4763	0
4764	5
4765	0
4766	0
4767	0
4768	0
4769	6
4770	6
4771	2
4772	5
4773	0
4774	6
4775	4
4776	6
4777	6
4778	6
4779	0
4780	4
4781	5
4782	3
4783	2
4784	0
4785	5
4786	4
4787	2
4788	6
4789	4
4790	3
4791	0
4792	3
4793	3
4794	3
4795	3
4796	5
4797	4
4798	0
4799	3
4800	3
4801	3
4802	0
4803	6
4804	0
4805	3
4806	0
4807	6
4808	5
4809	3
4810	2
4811	2
4812	6
4813	3
4814	0
4815	5
4816	0
4817	0
4818	0
4819	3
4820	4
4821	6
4822	5
4823	3
4824	0
4825	3
4826	3
4827	0
4828	4
4829	5
4830	0
4831	2
4832	3
4833	0
4834	6
4835	0
4836	0
4837	0
4838	3
4839	2
4840	6
4841	2
4842	3
4843	5
4844	6
4845	5
4846	2
4847	5
4848	0
4849	3
4850	5
4851	4
4852	3
4853	6
4854	3
4855	6
4856	1
4857	3
4858	3
4859	4
4860	3
4861	2
4862	5
4863	2
4864	6
4865	6
4866	4
4867	0
4868	4
4869	0
4870	5
4871	2
4872	4
4873	4
4874	2
4875	2
4876	6
4877	2
4878	3
4879	4
4880	5
4881	3
4882	0
4883	2
4884	4
4885	3
4886	5
4887	0
4888	4
4889	3
4890	3
4891	2
4892	5
4893	4
4894	4
4895	5
4896	6
4897	4
4898	3
4899	3
4900	5
4901	2
4902	3
4903	2
4904	3
4905	2
4906	6
4907	2
4908	1
4909	2
4910	2
4911	0
4912	4
4913	2
4914	3
4915	4
4916	4
4917	0
4918	3
4919	2
4920	3
4921	3
4922	5
4923	2
4924	0
4925	6
4926	4
4927	2
4928	3
4929	6
4930	3
4931	6
4932	5
4933	3
4934	6
4935	2
4936	3
4937	3
4938	6
4939	3
4940	3
4941	4
4942	4
4943	6
4944	2
4945	2
4946	3
4947	2
4948	3
4949	0
4950	6
4951	2
4952	2
4953	6
4954	2
4955	2
4956	3
4957	3
4958	4
4959	4
4960	2
4961	4
4962	3
4963	3
4964	3
4965	4
4966	4
4967	3
4968	4
4969	3
4970	0
4971	5
4972	4
4973	6
4974	4
4975	4
4976	3
4977	3
4978	2
4979	4
4980	2
4981	0
4982	2
4983	3
4984	6
4985	4
4986	3
4987	3
4988	3
4989	4
4990	6
4991	2
4992	3
4993	3
4994	6
4995	0
4996	3
4997	5
4998	0
4999	4
5000	3
5001	4
5002	3
5003	2
5004	2
5005	3
5006	3
5007	3
5008	0
5009	2
5010	6
5011	4
5012	3
5013	0
5014	2
5015	6
5016	3
5017	3
5018	6
5019	4
5020	1
5021	1
5022	0
5023	3
5024	0
5025	4
5026	5
5027	6
5028	0
5029	4
5030	6
5031	4
5032	6
5033	6
5034	2
5035	5
5036	0
5037	5
5038	3
5039	3
5040	6
5041	4
5042	3
5043	5
5044	5
5045	3
5046	0
5047	6
5048	2
5049	5
5050	4
5051	3
5052	6
5053	3
5054	3
5055	4
5056	0
5057	6
5058	0
5059	2
5060	3
5061	6
5062	6
5063	2
5064	0
5065	3
5066	4
5067	2
5068	6
5069	3
5070	0
5071	3
5072	6
5073	4
5074	3
5075	2
5076	3
5077	0
5078	3
5079	4
5080	2
5081	2
5082	6
5083	6
5084	0
5085	2
5086	0
5087	3
5088	6
5089	3
5090	2
5091	2
5092	0
5093	4
5094	4
5095	3
5096	3
5097	3
5098	2
5099	2
5100	4
5101	3
5102	3
5103	0
5104	5
5105	0
5106	6
5107	3
5108	3
5109	3
5110	3
5111	3
5112	2
5113	4
5114	4
5115	1
5116	3
5117	3
5118	6
5119	4
5120	3
5121	2
5122	4
5123	2
5124	3
5125	3
5126	5
5127	0
5128	6
5129	0
5130	3
5131	5
5132	3
5133	3
5134	5
5135	6
5136	0
5137	2
5138	6
5139	0
5140	0
5141	0
5142	6
5143	6
5144	6
5145	4
5146	4
5147	6
5148	2
5149	6
5150	6
5151	4
5152	0
5153	3
5154	4
5155	6
5156	4
5157	6
5158	3
5159	2
5160	5
5161	3
5162	4
5163	6
5164	4
5165	5
5166	5
5167	4
5168	4
5169	0
5170	6
5171	6
5172	4
5173	2
5174	2
5175	5
5176	3
5177	3
5178	6
5179	4
5180	3
5181	5
5182	3
5183	3
5184	3
5185	4
5186	5
5187	6
5188	4
5189	6
5190	4
5191	2
5192	3
5193	4
5194	0
5195	6
5196	5
5197	6
5198	6
5199	4
5200	3
5201	2
5202	4
5203	2
5204	3
5205	5
5206	6
5207	5
5208	4
5209	5
5210	0
5211	3
5212	3
5213	3
5214	5
5215	6
5216	2
5217	4
5218	4
5219	3
5220	3
5221	3
5222	6
5223	3
5224	3
5225	6
5226	5
5227	3
5228	0
5229	3
5230	5
5231	3
5232	4
5233	3
5234	3
5235	6
5236	3
5237	3
5238	5
5239	3
5240	3
5241	4
5242	6
5243	6
5244	2
5245	0
5246	3
5247	3
5248	2
5249	4
5250	4
5251	3
5252	0
5253	3
5254	3
5255	6
5256	2
5257	2
5258	6
5259	0
5260	5
5261	2
5262	3
5263	4
5264	3
5265	3
5266	6
5267	6
5268	3
5269	6
5270	3
5271	3
5272	3
5273	3
5274	6
5275	3
5276	3
5277	3
5278	0
5279	4
5280	6
5281	6
5282	4
5283	2
5284	2
5285	0
5286	0
5287	6
5288	5
5289	2
5290	6
5291	4
5292	4
5293	6
5294	0
5295	0
5296	0
5297	4
5298	5
5299	6
5300	6
5301	3
5302	6
5303	4
5304	2
5305	0
5306	5
5307	2
5308	3
5309	3
5310	3
5311	2
5312	0
5313	3
5314	2
5315	5
5316	4
5317	6
5318	4
5319	2
5320	3
5321	3
5322	3
5323	6
5324	2
5325	2
5326	3
5327	4
5328	3
5329	3
5330	6
5331	3
5332	6
5333	6
5334	3
5335	3
5336	3
5337	6
5338	0
5339	3
5340	6
5341	0
5342	3
5343	2
5344	6
5345	3
5346	4
5347	4
5348	6
5349	3
5350	6
5351	4
5352	2
5353	3
5354	3
5355	0
5356	4
5357	6
5358	0
5359	3
5360	3
5361	5
5362	2
5363	5
5364	6
5365	2
5366	6
5367	6
5368	3
5369	6
5370	2
5371	2
5372	4
5373	5
5374	3
5375	4
5376	6
5377	6
5378	6
5379	4
5380	3
5381	3
5382	5
5383	6
5384	2
5385	6
5386	3
5387	2
5388	3
5389	6
5390	0
5391	3
5392	2
5393	3
5394	4
5395	0
5396	4
5397	0
5398	2
5399	3
5400	0
5401	3
5402	2
5403	3
5404	6
5405	3
5406	3
5407	3
5408	3
5409	4
5410	4
5411	2
5412	6
5413	3
5414	2
5415	0
5416	3
5417	3
5418	6
5419	6
5420	6
5421	0
5422	3
5423	3
5424	4
5425	2
5426	2
5427	4
5428	5
5429	3
5430	4
5431	3
5432	3
5433	6
5434	0
5435	3
5436	2
5437	6
5438	3
5439	3
5440	5
5441	6
5442	3
5443	4
5444	3
5445	4
5446	3
5447	3
5448	3
5449	2
5450	4
5451	3
5452	4
5453	0
5454	0
5455	4
5456	6
5457	2
5458	3
5459	2
5460	5
5461	6
5462	6
5463	4
5464	4
5465	6
5466	0
5467	6
5468	6
5469	3
5470	2
5471	2
5472	4
5473	2
5474	4
5475	3
5476	5
5477	2
5478	3
5479	6
5480	3
5481	2
5482	6
5483	4
5484	6
5485	4
5486	3
5487	3
5488	0
5489	3
5490	6
5491	4
5492	0
5493	0
5494	6
5495	0
5496	3
5497	4
5498	6
5499	0
5500	5
5501	2
5502	4
5503	3
5504	2
5505	4
5506	0
5507	3
5508	0
5509	3
5510	3
5511	3
5512	0
5513	5
5514	3
5515	3
5516	3
5517	5
5518	5
5519	3
5520	3
5521	6
5522	0
5523	4
5524	3
5525	0
5526	4
5527	0
5528	6
5529	0
5530	4
5531	5
5532	2
5533	6
5534	6
5535	0
5536	3
5537	0
5538	3
5539	0
5540	0
5541	0
5542	6
5543	2
5544	2
5545	4
5546	0
5547	5
5548	3
5549	6
5550	3
5551	3
5552	3
5553	6
5554	3
5555	0
5556	0
5557	0
5558	4
5559	5
5560	2
5561	3
5562	3
5563	3
5564	3
5565	4
5566	3
5567	4
5568	3
5569	0
5570	5
5571	1
5572	2
5573	2
5574	0
5575	0
5576	2
5577	3
5578	3
5579	3
5580	3
5581	5
5582	6
5583	2
5584	3
5585	6
5586	3
5587	6
5588	0
5589	4
5590	0
5591	6
5592	3
5593	6
5594	3
5595	2
5596	4
5597	4
5598	0
5599	2
5600	4
5601	6
5602	3
5603	4
5604	6
5605	2
5606	4
5607	6
5608	5
5609	6
5610	3
5611	3
5612	5
5613	3
5614	3
5615	3
5616	0
5617	0
5618	2
5619	3
5620	6
5621	6
5622	5
5623	6
5624	3
5625	2
5626	3
5627	4
5628	0
5629	3
5630	2
5631	3
5632	6
5633	3
5634	4
5635	3
5636	0
5637	2
5638	6
5639	0
5640	4
5641	0
5642	3
5643	3
5644	6
5645	3
5646	4
5647	0
5648	4
5649	3
5650	5
5651	6
5652	5
5653	4
5654	2
5655	3
5656	4
5657	4
5658	3
5659	5
5660	3
5661	4
5662	1
5663	4
5664	3
5665	3
5666	2
5667	3
5668	3
5669	3
5670	0
5671	4
5672	3
5673	6
5674	4
5675	0
5676	2
5677	5
5678	3
5679	2
5680	6
5681	6
5682	0
5683	6
5684	2
5685	4
5686	6
5687	3
5688	3
5689	3
5690	2
5691	2
5692	0
5693	3
5694	3
5695	3
5696	6
5697	4
5698	3
5699	3
5700	5
5701	5
5702	4
5703	0
5704	4
5705	4
5706	5
5707	6
5708	0
5709	6
5710	0
5711	3
5712	2
5713	0
5714	4
5715	0
5716	0
5717	4
5718	2
5719	4
5720	3
5721	6
5722	3
5723	6
5724	3
5725	4
5726	3
5727	4
5728	2
5729	4
5730	5
5731	0
5732	2
5733	3
5734	3
5735	6
5736	3
5737	4
5738	3
5739	6
5740	0
5741	6
5742	4
5743	3
5744	3
5745	3
5746	3
5747	4
5748	2
5749	3
5750	0
5751	4
5752	6
5753	4
5754	4
5755	3
5756	5
5757	5
5758	0
5759	2
5760	2
5761	3
5762	3
5763	2
5764	3
5765	3
5766	0
5767	5
5768	3
5769	6
5770	5
5771	4
5772	6
5773	6
5774	3
5775	6
5776	3
5777	4
5778	4
5779	6
5780	6
5781	4
5782	0
5783	4
5784	0
5785	3
5786	4
5787	2
5788	0
5789	3
5790	3
5791	3
5792	3
5793	6
5794	2
5795	5
5796	6
5797	4
5798	3
5799	3
5800	4
5801	4
5802	0
5803	3
5804	5
5805	4
5806	3
5807	3
5808	3
5809	6
5810	3
5811	0
5812	6
5813	3
5814	0
5815	6
5816	6
5817	4
5818	6
5819	5
5820	3
5821	4
5822	0
5823	0
5824	3
5825	0
5826	5
5827	2
5828	0
5829	0
5830	5
5831	3
5832	2
5833	3
5834	4
5835	4
5836	3
5837	0
5838	4
5839	3
5840	3
5841	4
5842	5
5843	0
5844	6
5845	4
5846	3
5847	4
5848	3
5849	4
5850	4
5851	6
5852	3
5853	3
5854	3
5855	1
5856	3
5857	3
5858	3
5859	2
5860	3
5861	6
5862	4
5863	6
5864	3
5865	4
5866	0
5867	3
5868	2
5869	5
5870	2
5871	5
5872	1
5873	6
5874	3
5875	4
5876	4
5877	4
5878	0
5879	3
5880	5
5881	0
5882	5
5883	6
5884	3
5885	3
5886	4
5887	4
5888	3
5889	3
5890	6
5891	3
5892	5
5893	6
5894	3
5895	5
5896	2
5897	3
5898	5
5899	6
5900	6
5901	5
5902	5
5903	6
5904	0
5905	6
5906	5
5907	4
5908	4
5909	2
5910	3
5911	4
5912	3
5913	3
5914	0
5915	4
5916	5
5917	4
5918	2
5919	5
5920	4
5921	6
5922	6
5923	6
5924	3
5925	3
5926	4
5927	3
5928	4
5929	0
5930	1
5931	6
5932	4
5933	1
5934	0
5935	3
5936	3
5937	2
5938	4
5939	3
5940	5
5941	4
5942	3
5943	2
5944	4
5945	0
5946	5
5947	6
5948	6
5949	3
5950	3
5951	3
5952	6
5953	0
5954	1
5955	5
5956	6
5957	0
5958	6
5959	3
5960	3
5961	6
5962	0
5963	3
5964	3
5965	4
5966	6
5967	2
5968	3
5969	0
5970	4
5971	4
5972	3
5973	5
5974	3
5975	6
5976	3
5977	0
5978	3
5979	4
5980	6
5981	6
5982	4
5983	2
5984	5
5985	3
5986	3
5987	5
5988	3
5989	4
5990	3
5991	4
5992	2
5993	6
5994	2
5995	3
5996	3
5997	4
5998	3
5999	3
6000	4
6001	3
6002	4
6003	3
6004	3
6005	0
6006	3
6007	3
6008	2
6009	4
6010	6
6011	4
6012	4
6013	4
6014	3
6015	5
6016	3
6017	5
6018	6
6019	2
6020	6
6021	2
6022	3
6023	5
6024	2
6025	5
6026	6
6027	3
6028	0
6029	4
6030	3
6031	2
6032	5
6033	4
6034	4
6035	4
6036	3
6037	4
6038	6
6039	2
6040	3
6041	3
6042	6
6043	5
6044	3
6045	3
6046	3
6047	0
6048	5
6049	3
6050	4
6051	3
6052	5
6053	6
6054	6
6055	5
6056	6
6057	3
6058	0
6059	3
6060	3
6061	4
6062	3
6063	3
6064	3
6065	3
6066	4
6067	3
6068	4
6069	6
6070	5
6071	0
6072	4
6073	2
6074	4
6075	5
6076	6
6077	6
6078	0
6079	0
6080	4
6081	3
6082	3
6083	3
6084	4
6085	4
6086	2
6087	3
6088	0
6089	3
6090	4
6091	6
6092	2
6093	0
6094	6
6095	2
6096	3
6097	4
6098	3
6099	0
6100	4
6101	4
6102	3
6103	3
6104	4
6105	3
6106	0
6107	0
6108	3
6109	0
6110	2
6111	6
6112	3
6113	0
6114	4
6115	2
6116	6
6117	1
6118	4
6119	4
6120	3
6121	5
6122	4
6123	6
6124	3
6125	4
6126	3
6127	6
6128	5
6129	0
6130	2
6131	3
6132	3
6133	4
6134	3
6135	4
6136	4
6137	4
6138	5
6139	3
6140	6
6141	6
6142	6
6143	6
6144	5
6145	3
6146	4
6147	3
6148	6
6149	5
6150	5
6151	3
6152	2
6153	0
6154	5
6155	2
6156	3
6157	0
6158	3
6159	0
6160	3
6161	4
6162	3
6163	6
6164	0
6165	3
6166	3
6167	4
6168	4
6169	2
6170	1
6171	3
6172	2
6173	3
6174	4
6175	6
6176	0
6177	6
6178	3
6179	3
6180	6
6181	6
6182	3
6183	5
6184	3
6185	2
6186	3
6187	6
6188	4
6189	4
6190	3
6191	6
6192	6
6193	6
6194	5
6195	6
6196	0
6197	6
6198	2
6199	3
6200	3
6201	4
6202	3
6203	4
6204	4
6205	5
6206	4
6207	0
6208	3
6209	3
6210	0
6211	4
6212	4
6213	2
6214	5
6215	4
6216	3
6217	3
6218	2
6219	6
6220	3
6221	2
6222	3
6223	3
6224	6
6225	4
6226	4
6227	5
6228	5
6229	3
6230	6
6231	5
6232	0
6233	3
6234	6
6235	5
6236	2
6237	2
6238	3
6239	3
6240	3
6241	6
6242	4
6243	5
6244	6
6245	2
6246	3
6247	4
6248	4
6249	6
6250	2
6251	6
6252	0
6253	6
6254	6
6255	3
6256	3
6257	3
6258	2
6259	0
6260	6
6261	3
6262	6
6263	3
6264	6
6265	6
6266	3
6267	3
6268	4
6269	6
6270	3
6271	3
6272	3
6273	3
6274	2
6275	5
6276	0
6277	2
6278	2
6279	5
6280	4
6281	3
6282	0
6283	0
6284	0
6285	4
6286	3
6287	3
6288	4
6289	6
6290	3
6291	5
6292	4
6293	0
6294	6
6295	3
6296	3
6297	3
6298	2
6299	6
6300	4
6301	5
6302	4
6303	0
6304	0
6305	6
6306	0
6307	3
6308	4
6309	4
6310	0
6311	3
6312	6
6313	3
6314	2
6315	3
6316	3
6317	0
6318	3
6319	5
6320	5
6321	6
6322	6
6323	6
6324	0
6325	5
6326	3
6327	3
6328	6
6329	0
6330	6
6331	5
6332	0
6333	4
6334	5
6335	4
6336	3
6337	6
6338	0
6339	4
6340	3
6341	3
6342	2
6343	4
6344	4
6345	6
6346	0
6347	3
6348	6
6349	5
6350	0
6351	4
6352	2
6353	2
6354	4
6355	5
6356	4
6357	4
6358	3
6359	4
6360	0
6361	2
6362	4
6363	3
6364	3
6365	4
6366	3
6367	2
6368	5
6369	3
6370	6
6371	3
6372	3
6373	3
6374	3
6375	6
6376	3
6377	5
6378	0
6379	2
6380	0
6381	4
6382	3
6383	3
6384	4
6385	3
6386	5
6387	2
6388	5
6389	4
6390	3
6391	2
6392	0
6393	2
6394	0
6395	0
6396	3
6397	3
6398	3
6399	3
6400	3
6401	0
6402	0
6403	3
6404	3
6405	4
6406	5
6407	4
6408	0
6409	6
6410	4
6411	4
6412	3
6413	5
6414	4
6415	3
6416	6
6417	0
6418	6
6419	5
6420	2
6421	3
6422	5
6423	6
6424	4
6425	0
6426	5
6427	2
6428	3
6429	2
6430	3
6431	3
6432	3
6433	3
6434	3
6435	2
6436	3
6437	0
6438	3
6439	3
6440	6
6441	0
6442	3
6443	4
6444	2
6445	2
6446	0
6447	4
6448	6
6449	3
6450	3
6451	0
6452	6
6453	3
6454	6
6455	3
6456	5
6457	4
6458	3
6459	4
